sweep,system_E,demon_E,magnetization,M2,acceptance
0,-100.0,80.0,100,10000,0.0
1,-24.0,4.0,42,1764,0.81
2,-24.0,4.0,32,1024,0.69
3,-20.0,0.0,22,484,0.79
4,-20.0,0.0,10,100,0.8
5,-20.0,0.0,-20,400,0.67
6,-20.0,0.0,2,4,0.79
7,-20.0,0.0,-2,4,0.72
8,-20.0,0.0,4,16,0.81
9,-20.0,0.0,-8,64,0.74
10,-24.0,4.0,-12,144,0.68
11,-20.0,0.0,-22,484,0.81
12,-20.0,0.0,6,36,0.78
13,-24.0,4.0,-6,36,0.88
14,-28.0,8.0,-12,144,0.85
15,-24.0,4.0,-4,16,0.9
16,-20.0,0.0,10,100,0.79
17,-24.0,4.0,-2,4,0.78
18,-24.0,4.0,0,0,0.73
19,-20.0,0.0,2,4,0.69
20,-24.0,4.0,-20,400,0.67
21,-24.0,4.0,-20,400,0.8
22,-20.0,0.0,-24,576,0.76
23,-20.0,0.0,-10,100,0.77
24,-28.0,8.0,-2,4,0.68
25,-20.0,0.0,-6,36,0.7
26,-24.0,4.0,2,4,0.86
27,-24.0,4.0,6,36,0.58
28,-24.0,4.0,-22,484,0.78
29,-20.0,0.0,0,0,0.85
30,-20.0,0.0,-10,100,0.71
31,-20.0,0.0,-8,64,0.85
32,-20.0,0.0,-10,100,0.89
33,-24.0,4.0,-18,324,0.8
34,-20.0,0.0,6,36,0.74
35,-24.0,4.0,18,324,0.76
36,-20.0,0.0,-12,144,0.69
37,-20.0,0.0,-28,784,0.74
38,-20.0,0.0,-14,196,0.71
39,-20.0,0.0,2,4,0.7
40,-24.0,4.0,2,4,0.78
41,-20.0,0.0,12,144,0.83
42,-20.0,0.0,8,64,0.9
43,-20.0,0.0,-16,256,0.76
44,-20.0,0.0,4,16,0.8
45,-20.0,0.0,20,400,0.9
46,-24.0,4.0,-10,100,0.93
47,-20.0,0.0,10,100,0.72
48,-20.0,0.0,0,0,0.75
49,-20.0,0.0,-8,64,0.76
50,-20.0,0.0,18,324,0.81
51,-20.0,0.0,-8,64,0.75
52,-24.0,4.0,-10,100,0.83
53,-24.0,4.0,-2,4,0.78
54,-20.0,0.0,4,16,0.81
55,-20.0,0.0,-4,16,0.74
56,-20.0,0.0,-6,36,0.75
57,-20.0,0.0,2,4,0.76
58,-24.0,4.0,-2,4,0.88
59,-20.0,0.0,8,64,0.77
60,-20.0,0.0,16,256,0.74
61,-32.0,12.0,24,576,0.76
62,-20.0,0.0,18,324,0.75
63,-24.0,4.0,4,16,0.75
64,-20.0,0.0,-10,100,0.79
65,-20.0,0.0,6,36,0.82
66,-24.0,4.0,14,196,0.76
67,-20.0,0.0,4,16,0.79
68,-20.0,0.0,-6,36,0.67
69,-20.0,0.0,4,16,0.83
70,-24.0,4.0,14,196,0.83
71,-20.0,0.0,12,144,0.83
72,-24.0,4.0,14,196,0.77
73,-32.0,12.0,10,100,0.78
74,-24.0,4.0,10,100,0.82
75,-20.0,0.0,10,100,0.78
76,-20.0,0.0,8,64,0.69
77,-20.0,0.0,30,900,0.81
78,-24.0,4.0,30,900,0.72
79,-28.0,8.0,16,256,0.85
80,-24.0,4.0,-2,4,0.85
81,-20.0,0.0,-12,144,0.71
82,-20.0,0.0,-16,256,0.78
83,-28.0,8.0,4,16,0.74
84,-24.0,4.0,-12,144,0.82
85,-20.0,0.0,6,36,0.83
86,-20.0,0.0,-18,324,0.84
87,-24.0,4.0,-10,100,0.78
88,-24.0,4.0,-6,36,0.84
89,-24.0,4.0,8,64,0.67
90,-20.0,0.0,18,324,0.81
91,-20.0,0.0,6,36,0.76
92,-28.0,8.0,4,16,0.81
93,-24.0,4.0,0,0,0.72
94,-28.0,8.0,6,36,0.87
95,-24.0,4.0,-6,36,0.86
96,-32.0,12.0,0,0,0.73
97,-20.0,0.0,10,100,0.87
98,-24.0,4.0,4,16,0.85
99,-24.0,4.0,16,256,0.84
100,-20.0,0.0,8,64,0.74
101,-24.0,4.0,10,100,0.77
102,-20.0,0.0,10,100,0.54
103,-20.0,0.0,8,64,0.81
104,-20.0,0.0,14,196,0.69
105,-28.0,8.0,12,144,0.85
106,-24.0,4.0,4,16,0.8
107,-20.0,0.0,-14,196,0.87
108,-28.0,8.0,-8,64,0.83
109,-20.0,0.0,-10,100,0.87
110,-20.0,0.0,4,16,0.83
111,-24.0,4.0,18,324,0.69
112,-28.0,8.0,22,484,0.8
113,-20.0,0.0,8,64,0.87
114,-20.0,0.0,4,16,0.68
115,-24.0,4.0,12,144,0.76
116,-20.0,0.0,-2,4,0.75
117,-24.0,4.0,2,4,0.7
118,-28.0,8.0,20,400,0.89
119,-24.0,4.0,18,324,0.79
120,-20.0,0.0,12,144,0.87
121,-20.0,0.0,6,36,0.83
122,-20.0,0.0,4,16,0.81
123,-20.0,0.0,-8,64,0.8
124,-20.0,0.0,0,0,0.8
125,-28.0,8.0,-4,16,0.78
126,-20.0,0.0,4,16,0.88
127,-20.0,0.0,-2,4,0.73
128,-24.0,4.0,14,196,0.66
129,-28.0,8.0,16,256,0.81
130,-20.0,0.0,8,64,0.76
131,-20.0,0.0,6,36,0.77
132,-20.0,0.0,-8,64,0.65
133,-32.0,12.0,-8,64,0.78
134,-32.0,12.0,-26,676,0.87
135,-24.0,4.0,4,16,0.75
136,-24.0,4.0,-6,36,0.85
137,-20.0,0.0,-2,4,0.78
138,-24.0,4.0,28,784,0.75
139,-24.0,4.0,2,4,0.83
140,-24.0,4.0,0,0,0.67
141,-32.0,12.0,-4,16,0.82
142,-28.0,8.0,12,144,0.86
143,-20.0,0.0,8,64,0.86
144,-28.0,8.0,0,0,0.76
145,-20.0,0.0,8,64,0.82
146,-24.0,4.0,-4,16,0.72
147,-20.0,0.0,-14,196,0.75
148,-24.0,4.0,0,0,0.79
149,-20.0,0.0,10,100,0.83
150,-20.0,0.0,6,36,0.72
151,-24.0,4.0,2,4,0.72
152,-20.0,0.0,18,324,0.72
153,-20.0,0.0,22,484,0.68
154,-20.0,0.0,18,324,0.76
155,-20.0,0.0,-8,64,0.85
156,-36.0,16.0,0,0,0.74
157,-28.0,8.0,-4,16,0.74
158,-28.0,8.0,-8,64,0.84
159,-24.0,4.0,2,4,0.93
160,-24.0,4.0,24,576,0.77
161,-20.0,0.0,4,16,0.78
162,-20.0,0.0,-6,36,0.85
163,-28.0,8.0,-14,196,0.88
164,-24.0,4.0,4,16,0.75
165,-20.0,0.0,14,196,0.83
166,-20.0,0.0,4,16,0.69
167,-28.0,8.0,6,36,0.77
168,-20.0,0.0,4,16,0.79
169,-24.0,4.0,0,0,0.8
170,-20.0,0.0,-6,36,0.71
171,-24.0,4.0,0,0,0.71
172,-20.0,0.0,-6,36,0.81
173,-20.0,0.0,-4,16,0.77
174,-20.0,0.0,-12,144,0.68
175,-20.0,0.0,10,100,0.81
176,-20.0,0.0,-8,64,0.75
177,-24.0,4.0,4,16,0.88
178,-20.0,0.0,-4,16,0.74
179,-28.0,8.0,-2,4,0.79
180,-24.0,4.0,-4,16,0.83
181,-24.0,4.0,-16,256,0.8
182,-24.0,4.0,-10,100,0.81
183,-20.0,0.0,-22,484,0.68
184,-20.0,0.0,0,0,0.77
185,-24.0,4.0,-14,196,0.93
186,-20.0,0.0,-6,36,0.76
187,-20.0,0.0,6,36,0.72
188,-20.0,0.0,8,64,0.65
189,-28.0,8.0,2,4,0.73
190,-24.0,4.0,-12,144,0.85
191,-20.0,0.0,-26,676,0.81
192,-20.0,0.0,-14,196,0.74
193,-20.0,0.0,-12,144,0.77
194,-24.0,4.0,-6,36,0.81
195,-24.0,4.0,-2,4,0.88
196,-20.0,0.0,14,196,0.76
197,-24.0,4.0,20,400,0.77
198,-20.0,0.0,22,484,0.79
199,-24.0,4.0,14,196,0.74
200,-20.0,0.0,-2,4,0.78
201,-20.0,0.0,-24,576,0.83
202,-20.0,0.0,2,4,0.73
203,-20.0,0.0,-6,36,0.78
204,-24.0,4.0,24,576,0.81
205,-20.0,0.0,6,36,0.73
206,-20.0,0.0,18,324,0.72
207,-28.0,8.0,6,36,0.84
208,-24.0,4.0,0,0,0.81
209,-20.0,0.0,-22,484,0.67
210,-28.0,8.0,-10,100,0.74
211,-20.0,0.0,16,256,0.85
212,-24.0,4.0,-4,16,0.7
213,-24.0,4.0,-4,16,0.68
214,-24.0,4.0,-22,484,0.67
215,-20.0,0.0,-12,144,0.79
216,-24.0,4.0,-12,144,0.84
217,-20.0,0.0,2,4,0.69
218,-24.0,4.0,10,100,0.84
219,-24.0,4.0,-12,144,0.73
220,-20.0,0.0,8,64,0.8
221,-20.0,0.0,18,324,0.75
222,-20.0,0.0,0,0,0.67
223,-20.0,0.0,-10,100,0.85
224,-20.0,0.0,12,144,0.83
225,-32.0,12.0,-2,4,0.81
226,-24.0,4.0,-16,256,0.81
227,-20.0,0.0,2,4,0.87
228,-20.0,0.0,-12,144,0.79
229,-20.0,0.0,-6,36,0.77
230,-20.0,0.0,8,64,0.69
231,-24.0,4.0,6,36,0.71
232,-20.0,0.0,10,100,0.92
233,-20.0,0.0,14,196,0.76
234,-20.0,0.0,-4,16,0.79
235,-20.0,0.0,-8,64,0.78
236,-24.0,4.0,-12,144,0.8
237,-24.0,4.0,2,4,0.73
238,-20.0,0.0,12,144,0.77
239,-24.0,4.0,-4,16,0.84
240,-24.0,4.0,-16,256,0.82
241,-20.0,0.0,-10,100,0.83
242,-20.0,0.0,0,0,0.71
243,-24.0,4.0,-8,64,0.76
244,-20.0,0.0,-16,256,0.8
245,-20.0,0.0,-8,64,0.74
246,-24.0,4.0,-14,196,0.75
247,-20.0,0.0,-8,64,0.89
248,-20.0,0.0,-4,16,0.78
249,-20.0,0.0,-12,144,0.72
250,-20.0,0.0,-14,196,0.77
251,-32.0,12.0,-2,4,0.84
252,-28.0,8.0,-10,100,0.82
253,-20.0,0.0,18,324,0.84
254,-20.0,0.0,12,144,0.79
255,-20.0,0.0,6,36,0.81
256,-20.0,0.0,14,196,0.8
257,-28.0,8.0,-8,64,0.85
258,-20.0,0.0,20,400,0.7
259,-20.0,0.0,18,324,0.71
260,-20.0,0.0,16,256,0.77
261,-20.0,0.0,0,0,0.7
262,-20.0,0.0,-2,4,0.77
263,-24.0,4.0,-4,16,0.81
264,-20.0,0.0,-12,144,0.76
265,-20.0,0.0,-10,100,0.65
266,-20.0,0.0,-14,196,0.88
267,-20.0,0.0,14,196,0.88
268,-20.0,0.0,6,36,0.74
269,-20.0,0.0,8,64,0.75
270,-28.0,8.0,-4,16,0.64
271,-20.0,0.0,-4,16,0.9
272,-24.0,4.0,12,144,0.74
273,-24.0,4.0,-4,16,0.66
274,-20.0,0.0,-4,16,0.78
275,-20.0,0.0,-4,16,0.86
276,-32.0,12.0,24,576,0.76
277,-20.0,0.0,20,400,0.66
278,-20.0,0.0,14,196,0.83
279,-24.0,4.0,-2,4,0.8
280,-32.0,12.0,14,196,0.84
281,-24.0,4.0,6,36,0.74
282,-28.0,8.0,4,16,0.85
283,-24.0,4.0,10,100,0.73
284,-24.0,4.0,4,16,0.75
285,-32.0,12.0,2,4,0.75
286,-24.0,4.0,0,0,0.81
287,-20.0,0.0,0,0,0.78
288,-28.0,8.0,-6,36,0.69
289,-20.0,0.0,-6,36,0.74
290,-20.0,0.0,-12,144,0.79
291,-24.0,4.0,-8,64,0.72
292,-24.0,4.0,-4,16,0.78
293,-24.0,4.0,0,0,0.86
294,-28.0,8.0,8,64,0.86
295,-20.0,0.0,-28,784,0.9
296,-20.0,0.0,-20,400,0.8
297,-24.0,4.0,-16,256,0.78
298,-20.0,0.0,4,16,0.72
299,-20.0,0.0,-24,576,0.78
300,-24.0,4.0,-2,4,0.79
301,-24.0,4.0,10,100,0.86
302,-20.0,0.0,12,144,0.75
303,-20.0,0.0,14,196,0.83
304,-20.0,0.0,4,16,0.71
305,-24.0,4.0,-2,4,0.81
306,-24.0,4.0,-2,4,0.86
307,-20.0,0.0,8,64,0.75
308,-20.0,0.0,-12,144,0.74
309,-20.0,0.0,0,0,0.78
310,-20.0,0.0,8,64,0.82
311,-20.0,0.0,-12,144,0.7
312,-20.0,0.0,6,36,0.69
313,-20.0,0.0,6,36,0.84
314,-20.0,0.0,6,36,0.76
315,-20.0,0.0,14,196,0.76
316,-20.0,0.0,-2,4,0.86
317,-20.0,0.0,0,0,0.71
318,-20.0,0.0,8,64,0.78
319,-28.0,8.0,18,324,0.79
320,-28.0,8.0,22,484,0.84
321,-20.0,0.0,22,484,0.72
322,-24.0,4.0,-6,36,0.74
323,-20.0,0.0,-20,400,0.77
324,-24.0,4.0,0,0,0.74
325,-24.0,4.0,-14,196,0.79
326,-20.0,0.0,-18,324,0.86
327,-20.0,0.0,-10,100,0.68
328,-20.0,0.0,-20,400,0.75
329,-20.0,0.0,-4,16,0.76
330,-20.0,0.0,10,100,0.79
331,-24.0,4.0,20,400,0.67
332,-20.0,0.0,6,36,0.77
333,-20.0,0.0,18,324,0.78
334,-28.0,8.0,26,676,0.84
335,-24.0,4.0,-10,100,0.92
336,-20.0,0.0,-14,196,0.82
337,-24.0,4.0,8,64,0.75
338,-20.0,0.0,6,36,0.83
339,-24.0,4.0,-12,144,0.93
340,-20.0,0.0,4,16,0.84
341,-24.0,4.0,-4,16,0.72
342,-20.0,0.0,-6,36,0.79
343,-28.0,8.0,18,324,0.78
344,-24.0,4.0,10,100,0.74
345,-28.0,8.0,-4,16,0.83
346,-32.0,12.0,10,100,0.71
347,-20.0,0.0,-6,36,0.7
348,-24.0,4.0,-20,400,0.79
349,-20.0,0.0,0,0,0.84
350,-24.0,4.0,-16,256,0.76
351,-20.0,0.0,-22,484,0.65
352,-24.0,4.0,-18,324,0.8
353,-28.0,8.0,-6,36,0.82
354,-28.0,8.0,4,16,0.87
355,-24.0,4.0,-4,16,0.84
356,-20.0,0.0,-12,144,0.86
357,-20.0,0.0,-2,4,0.79
358,-20.0,0.0,-2,4,0.78
359,-20.0,0.0,6,36,0.76
360,-28.0,8.0,-4,16,0.81
361,-20.0,0.0,-10,100,0.81
362,-40.0,20.0,-10,100,0.74
363,-20.0,0.0,4,16,0.81
364,-20.0,0.0,-14,196,0.79
365,-28.0,8.0,-10,100,0.64
366,-24.0,4.0,-2,4,0.86
367,-20.0,0.0,8,64,0.71
368,-20.0,0.0,8,64,0.76
369,-28.0,8.0,22,484,0.77
370,-28.0,8.0,6,36,0.82
371,-20.0,0.0,0,0,0.79
372,-20.0,0.0,-2,4,0.83
373,-24.0,4.0,-10,100,0.8
374,-28.0,8.0,6,36,0.74
375,-24.0,4.0,6,36,0.82
376,-20.0,0.0,16,256,0.85
377,-24.0,4.0,-12,144,0.74
378,-20.0,0.0,4,16,0.78
379,-20.0,0.0,-8,64,0.74
380,-20.0,0.0,-16,256,0.72
381,-28.0,8.0,-10,100,0.71
382,-20.0,0.0,-4,16,0.71
383,-20.0,0.0,-16,256,0.86
384,-24.0,4.0,4,16,0.64
385,-20.0,0.0,12,144,0.74
386,-20.0,0.0,18,324,0.75
387,-28.0,8.0,14,196,0.86
388,-20.0,0.0,16,256,0.87
389,-20.0,0.0,-10,100,0.79
390,-20.0,0.0,0,0,0.87
391,-24.0,4.0,-10,100,0.75
392,-20.0,0.0,-16,256,0.83
393,-24.0,4.0,14,196,0.73
394,-20.0,0.0,-2,4,0.74
395,-28.0,8.0,-4,16,0.73
396,-20.0,0.0,0,0,0.82
397,-24.0,4.0,4,16,0.78
398,-20.0,0.0,12,144,0.74
399,-32.0,12.0,-8,64,0.74
400,-20.0,0.0,0,0,0.76
401,-24.0,4.0,2,4,0.81
402,-20.0,0.0,-6,36,0.74
403,-20.0,0.0,-24,576,0.67
404,-20.0,0.0,0,0,0.76
405,-24.0,4.0,0,0,0.82
406,-20.0,0.0,2,4,0.73
407,-20.0,0.0,-4,16,0.73
408,-20.0,0.0,-8,64,0.72
409,-20.0,0.0,2,4,0.71
410,-20.0,0.0,-10,100,0.84
411,-20.0,0.0,10,100,0.8
412,-32.0,12.0,2,4,0.72
413,-24.0,4.0,2,4,0.78
414,-24.0,4.0,-2,4,0.74
415,-20.0,0.0,-2,4,0.68
416,-24.0,4.0,-2,4,0.84
417,-20.0,0.0,-26,676,0.8
418,-20.0,0.0,18,324,0.8
419,-20.0,0.0,4,16,0.67
420,-20.0,0.0,-8,64,0.74
421,-20.0,0.0,0,0,0.82
422,-20.0,0.0,18,324,0.81
423,-24.0,4.0,22,484,0.78
424,-20.0,0.0,18,324,0.74
425,-20.0,0.0,4,16,0.75
426,-20.0,0.0,-18,324,0.83
427,-24.0,4.0,-12,144,0.83
428,-24.0,4.0,-20,400,0.72
429,-20.0,0.0,4,16,0.76
430,-20.0,0.0,20,400,0.76
431,-24.0,4.0,4,16,0.84
432,-20.0,0.0,28,784,0.78
433,-24.0,4.0,18,324,0.73
434,-20.0,0.0,6,36,0.76
435,-20.0,0.0,12,144,0.73
436,-24.0,4.0,20,400,0.86
437,-24.0,4.0,6,36,0.71
438,-20.0,0.0,20,400,0.83
439,-24.0,4.0,4,16,0.8
440,-20.0,0.0,8,64,0.76
441,-20.0,0.0,16,256,0.74
442,-24.0,4.0,16,256,0.8
443,-20.0,0.0,10,100,0.67
444,-24.0,4.0,2,4,0.84
445,-20.0,0.0,-8,64,0.77
446,-20.0,0.0,2,4,0.71
447,-20.0,0.0,10,100,0.82
448,-20.0,0.0,16,256,0.71
449,-20.0,0.0,2,4,0.79
450,-20.0,0.0,-26,676,0.7
451,-20.0,0.0,-26,676,0.86
452,-20.0,0.0,-8,64,0.75
453,-28.0,8.0,-24,576,0.72
454,-20.0,0.0,-14,196,0.77
455,-28.0,8.0,-6,36,0.76
456,-40.0,20.0,8,64,0.91
457,-24.0,4.0,36,1296,0.76
458,-24.0,4.0,30,900,0.69
459,-20.0,0.0,26,676,0.78
460,-20.0,0.0,22,484,0.8
461,-20.0,0.0,4,16,0.71
462,-20.0,0.0,-6,36,0.79
463,-20.0,0.0,0,0,0.83
464,-20.0,0.0,-8,64,0.86
465,-24.0,4.0,-2,4,0.71
466,-28.0,8.0,12,144,0.75
467,-20.0,0.0,12,144,0.88
468,-28.0,8.0,-2,4,0.67
469,-24.0,4.0,6,36,0.8
470,-24.0,4.0,-12,144,0.71
471,-28.0,8.0,-10,100,0.89
472,-20.0,0.0,8,64,0.81
473,-20.0,0.0,-4,16,0.78
474,-20.0,0.0,2,4,0.77
475,-20.0,0.0,34,1156,0.74
476,-24.0,4.0,22,484,0.68
477,-28.0,8.0,14,196,0.82
478,-20.0,0.0,12,144,0.71
479,-24.0,4.0,12,144,0.74
480,-28.0,8.0,26,676,0.79
481,-24.0,4.0,10,100,0.7
482,-28.0,8.0,-10,100,0.74
483,-20.0,0.0,-2,4,0.76
484,-20.0,0.0,4,16,0.79
485,-20.0,0.0,0,0,0.86
486,-28.0,8.0,2,4,0.75
487,-24.0,4.0,-8,64,0.85
488,-20.0,0.0,4,16,0.82
489,-24.0,4.0,-16,256,0.72
490,-20.0,0.0,6,36,0.85
491,-24.0,4.0,14,196,0.92
492,-20.0,0.0,2,4,0.94
493,-24.0,4.0,-16,256,0.77
494,-20.0,0.0,-14,196,0.75
495,-20.0,0.0,-8,64,0.83
496,-24.0,4.0,8,64,0.82
497,-20.0,0.0,6,36,0.79
498,-20.0,0.0,-2,4,0.86
499,-24.0,4.0,-4,16,0.65
500,-20.0,0.0,-6,36,0.91
501,-28.0,8.0,0,0,0.77
502,-20.0,0.0,-12,144,0.88
503,-28.0,8.0,14,196,0.83
504,-24.0,4.0,12,144,0.77
505,-24.0,4.0,4,16,0.86
506,-28.0,8.0,-12,144,0.8
507,-20.0,0.0,-12,144,0.82
508,-24.0,4.0,16,256,0.72
509,-20.0,0.0,16,256,0.8
510,-20.0,0.0,6,36,0.83
511,-20.0,0.0,6,36,0.84
512,-24.0,4.0,-8,64,0.81
513,-20.0,0.0,0,0,0.8
514,-28.0,8.0,-14,196,0.75
515,-20.0,0.0,0,0,0.71
516,-20.0,0.0,-20,400,0.78
517,-20.0,0.0,-6,36,0.81
518,-20.0,0.0,22,484,0.7
519,-24.0,4.0,18,324,0.8
520,-20.0,0.0,4,16,0.79
521,-20.0,0.0,-6,36,0.83
522,-24.0,4.0,10,100,0.68
523,-28.0,8.0,28,784,0.75
524,-32.0,12.0,44,1936,0.84
525,-24.0,4.0,4,16,0.92
526,-24.0,4.0,-8,64,0.78
527,-28.0,8.0,-4,16,0.8
528,-20.0,0.0,-4,16,0.68
529,-24.0,4.0,12,144,0.84
530,-28.0,8.0,26,676,0.81
531,-20.0,0.0,18,324,0.8
532,-20.0,0.0,-4,16,0.79
533,-20.0,0.0,14,196,0.69
534,-24.0,4.0,-8,64,0.75
535,-20.0,0.0,0,0,0.8
536,-20.0,0.0,-2,4,0.65
537,-20.0,0.0,6,36,0.76
538,-20.0,0.0,8,64,0.71
539,-20.0,0.0,16,256,0.8
540,-20.0,0.0,28,784,0.6
541,-20.0,0.0,4,16,0.82
542,-20.0,0.0,-12,144,0.84
543,-24.0,4.0,-12,144,0.66
544,-20.0,0.0,-14,196,0.77
545,-28.0,8.0,-16,256,0.69
546,-20.0,0.0,-18,324,0.81
547,-20.0,0.0,4,16,0.83
548,-28.0,8.0,2,4,0.81
549,-20.0,0.0,-34,1156,0.78
550,-20.0,0.0,-6,36,0.78
551,-24.0,4.0,4,16,0.81
552,-20.0,0.0,-14,196,0.65
553,-24.0,4.0,-24,576,0.87
554,-24.0,4.0,-14,196,0.79
555,-20.0,0.0,-20,400,0.81
556,-20.0,0.0,0,0,0.8
557,-20.0,0.0,10,100,0.79
558,-28.0,8.0,-22,484,0.84
559,-28.0,8.0,-18,324,0.84
560,-20.0,0.0,-10,100,0.7
561,-24.0,4.0,22,484,0.78
562,-28.0,8.0,32,1024,0.85
563,-20.0,0.0,-10,100,0.79
564,-20.0,0.0,-36,1296,0.79
565,-24.0,4.0,-28,784,0.84
566,-28.0,8.0,-36,1296,0.8
567,-20.0,0.0,-20,400,0.8
568,-20.0,0.0,-16,256,0.74
569,-20.0,0.0,-24,576,0.82
570,-20.0,0.0,0,0,0.72
571,-24.0,4.0,2,4,0.75
572,-20.0,0.0,2,4,0.72
573,-32.0,12.0,8,64,0.87
574,-24.0,4.0,12,144,0.88
575,-20.0,0.0,0,0,0.88
576,-28.0,8.0,-26,676,0.81
577,-20.0,0.0,-8,64,0.81
578,-24.0,4.0,-14,196,0.73
579,-24.0,4.0,-12,144,0.83
580,-24.0,4.0,-6,36,0.73
581,-28.0,8.0,-8,64,0.75
582,-28.0,8.0,-18,324,0.81
583,-20.0,0.0,-12,144,0.89
584,-24.0,4.0,-12,144,0.82
585,-28.0,8.0,24,576,0.76
586,-24.0,4.0,16,256,0.68
587,-24.0,4.0,10,100,0.83
588,-24.0,4.0,-4,16,0.69
589,-20.0,0.0,10,100,0.81
590,-24.0,4.0,10,100,0.72
591,-28.0,8.0,6,36,0.72
592,-20.0,0.0,2,4,0.84
593,-20.0,0.0,-8,64,0.79
594,-20.0,0.0,-6,36,0.71
595,-20.0,0.0,10,100,0.78
596,-24.0,4.0,2,4,0.84
597,-28.0,8.0,-14,196,0.78
598,-24.0,4.0,14,196,0.78
599,-28.0,8.0,2,4,0.76
600,-24.0,4.0,26,676,0.8
601,-24.0,4.0,30,900,0.84
602,-20.0,0.0,0,0,0.81
603,-24.0,4.0,-18,324,0.91
604,-20.0,0.0,-18,324,0.68
605,-24.0,4.0,-26,676,0.74
606,-20.0,0.0,-6,36,0.74
607,-24.0,4.0,8,64,0.75
608,-20.0,0.0,-4,16,0.72
609,-24.0,4.0,8,64,0.9
610,-20.0,0.0,18,324,0.81
611,-36.0,16.0,12,144,0.75
612,-20.0,0.0,8,64,0.86
613,-20.0,0.0,-16,256,0.84
614,-20.0,0.0,0,0,0.74
615,-28.0,8.0,0,0,0.84
616,-20.0,0.0,-20,400,0.88
617,-20.0,0.0,-6,36,0.73
618,-20.0,0.0,2,4,0.72
619,-24.0,4.0,10,100,0.82
620,-20.0,0.0,0,0,0.81
621,-20.0,0.0,-4,16,0.78
622,-24.0,4.0,-6,36,0.79
623,-20.0,0.0,-18,324,0.72
624,-20.0,0.0,-14,196,0.64
625,-20.0,0.0,4,16,0.87
626,-24.0,4.0,-2,4,0.73
627,-24.0,4.0,8,64,0.77
628,-24.0,4.0,-4,16,0.72
629,-20.0,0.0,4,16,0.9
630,-20.0,0.0,0,0,0.84
631,-20.0,0.0,-2,4,0.85
632,-20.0,0.0,-6,36,0.9
633,-20.0,0.0,-28,784,0.85
634,-20.0,0.0,2,4,0.83
635,-32.0,12.0,2,4,0.72
636,-20.0,0.0,8,64,0.83
637,-24.0,4.0,14,196,0.83
638,-20.0,0.0,24,576,0.77
639,-20.0,0.0,12,144,0.72
640,-20.0,0.0,10,100,0.65
641,-20.0,0.0,-12,144,0.75
642,-28.0,8.0,0,0,0.76
643,-28.0,8.0,14,196,0.81
644,-24.0,4.0,6,36,0.86
645,-20.0,0.0,4,16,0.75
646,-20.0,0.0,0,0,0.7
647,-32.0,12.0,-18,324,0.75
648,-24.0,4.0,-16,256,0.75
649,-20.0,0.0,-14,196,0.79
650,-24.0,4.0,-8,64,0.79
651,-20.0,0.0,0,0,0.78
652,-24.0,4.0,10,100,0.69
653,-24.0,4.0,4,16,0.75
654,-24.0,4.0,-6,36,0.77
655,-28.0,8.0,4,16,0.67
656,-20.0,0.0,-10,100,0.71
657,-20.0,0.0,-10,100,0.74
658,-20.0,0.0,10,100,0.86
659,-24.0,4.0,-8,64,0.67
660,-20.0,0.0,-2,4,0.75
661,-28.0,8.0,4,16,0.79
662,-20.0,0.0,8,64,0.8
663,-20.0,0.0,4,16,0.8
664,-20.0,0.0,2,4,0.81
665,-20.0,0.0,4,16,0.65
666,-20.0,0.0,12,144,0.8
667,-32.0,12.0,-12,144,0.64
668,-20.0,0.0,-26,676,0.87
669,-20.0,0.0,-6,36,0.88
670,-24.0,4.0,-6,36,0.78
671,-32.0,12.0,8,64,0.81
672,-20.0,0.0,22,484,0.77
673,-20.0,0.0,-2,4,0.8
674,-20.0,0.0,6,36,0.8
675,-20.0,0.0,0,0,0.61
676,-24.0,4.0,10,100,0.83
677,-20.0,0.0,-16,256,0.81
678,-20.0,0.0,8,64,0.78
679,-24.0,4.0,10,100,0.77
680,-20.0,0.0,-6,36,0.78
681,-24.0,4.0,2,4,0.78
682,-32.0,12.0,-12,144,0.77
683,-20.0,0.0,20,400,0.8
684,-20.0,0.0,-2,4,0.77
685,-24.0,4.0,-6,36,0.82
686,-20.0,0.0,10,100,0.74
687,-24.0,4.0,2,4,0.8
688,-24.0,4.0,8,64,0.79
689,-24.0,4.0,2,4,0.83
690,-20.0,0.0,0,0,0.83
691,-24.0,4.0,8,64,0.78
692,-24.0,4.0,6,36,0.81
693,-28.0,8.0,-4,16,0.79
694,-20.0,0.0,4,16,0.74
695,-24.0,4.0,-6,36,0.85
696,-20.0,0.0,20,400,0.71
697,-28.0,8.0,-6,36,0.73
698,-20.0,0.0,16,256,0.77
699,-20.0,0.0,10,100,0.63
700,-24.0,4.0,-2,4,0.72
701,-20.0,0.0,-6,36,0.66
702,-28.0,8.0,0,0,0.75
703,-20.0,0.0,-12,144,0.84
704,-24.0,4.0,-10,100,0.73
705,-20.0,0.0,10,100,0.82
706,-20.0,0.0,4,16,0.73
707,-28.0,8.0,-12,144,0.78
708,-20.0,0.0,-2,4,0.77
709,-20.0,0.0,-2,4,0.76
710,-24.0,4.0,-32,1024,0.89
711,-20.0,0.0,-16,256,0.8
712,-28.0,8.0,-14,196,0.85
713,-24.0,4.0,16,256,0.85
714,-20.0,0.0,-16,256,0.82
715,-20.0,0.0,-18,324,0.85
716,-20.0,0.0,-4,16,0.73
717,-20.0,0.0,0,0,0.74
718,-28.0,8.0,8,64,0.84
719,-20.0,0.0,0,0,0.82
720,-28.0,8.0,-10,100,0.85
721,-28.0,8.0,-24,576,0.69
722,-20.0,0.0,-16,256,0.7
723,-28.0,8.0,12,144,0.76
724,-20.0,0.0,-12,144,0.76
725,-32.0,12.0,20,400,0.82
726,-20.0,0.0,18,324,0.81
727,-28.0,8.0,2,4,0.74
728,-20.0,0.0,4,16,0.73
729,-24.0,4.0,-24,576,0.8
730,-24.0,4.0,-8,64,0.8
731,-20.0,0.0,12,144,0.84
732,-20.0,0.0,2,4,0.77
733,-20.0,0.0,0,0,0.73
734,-20.0,0.0,-4,16,0.8
735,-24.0,4.0,-12,144,0.68
736,-24.0,4.0,-2,4,0.75
737,-20.0,0.0,-8,64,0.71
738,-20.0,0.0,-14,196,0.67
739,-24.0,4.0,-8,64,0.73
740,-20.0,0.0,-2,4,0.69
741,-36.0,16.0,-4,16,0.77
742,-28.0,8.0,-14,196,0.91
743,-20.0,0.0,-10,100,0.86
744,-20.0,0.0,-2,4,0.76
745,-20.0,0.0,-6,36,0.74
746,-20.0,0.0,-16,256,0.75
747,-20.0,0.0,-18,324,0.73
748,-20.0,0.0,-30,900,0.72
749,-20.0,0.0,0,0,0.71
750,-20.0,0.0,0,0,0.82
751,-28.0,8.0,6,36,0.75
752,-24.0,4.0,10,100,0.82
753,-20.0,0.0,28,784,0.67
754,-28.0,8.0,0,0,0.7
755,-24.0,4.0,14,196,0.81
756,-20.0,0.0,4,16,0.83
757,-20.0,0.0,-8,64,0.8
758,-24.0,4.0,18,324,0.81
759,-20.0,0.0,4,16,0.79
760,-20.0,0.0,-28,784,0.76
761,-20.0,0.0,-22,484,0.87
762,-20.0,0.0,2,4,0.8
763,-20.0,0.0,2,4,0.66
764,-20.0,0.0,-6,36,0.72
765,-20.0,0.0,-10,100,0.9
766,-20.0,0.0,-20,400,0.73
767,-20.0,0.0,-2,4,0.87
768,-28.0,8.0,-2,4,0.8
769,-24.0,4.0,-4,16,0.89
770,-20.0,0.0,12,144,0.78
771,-20.0,0.0,8,64,0.74
772,-20.0,0.0,8,64,0.72
773,-20.0,0.0,-2,4,0.73
774,-24.0,4.0,10,100,0.76
775,-24.0,4.0,24,576,0.73
776,-24.0,4.0,-2,4,0.77
777,-20.0,0.0,28,784,0.83
778,-20.0,0.0,-14,196,0.75
779,-24.0,4.0,4,16,0.83
780,-20.0,0.0,-6,36,0.83
781,-24.0,4.0,26,676,0.92
782,-20.0,0.0,-4,16,0.83
783,-32.0,12.0,-6,36,0.79
784,-20.0,0.0,8,64,0.67
785,-32.0,12.0,6,36,0.69
786,-24.0,4.0,8,64,0.79
787,-28.0,8.0,-8,64,0.68
788,-20.0,0.0,-18,324,0.77
789,-24.0,4.0,-4,16,0.77
790,-20.0,0.0,-14,196,0.77
791,-24.0,4.0,-14,196,0.8
792,-24.0,4.0,2,4,0.8
793,-20.0,0.0,24,576,0.73
794,-20.0,0.0,28,784,0.74
795,-20.0,0.0,0,0,0.7
796,-20.0,0.0,-10,100,0.85
797,-20.0,0.0,8,64,0.77
798,-20.0,0.0,-8,64,0.72
799,-20.0,0.0,-8,64,0.8
800,-20.0,0.0,-22,484,0.79
801,-28.0,8.0,-4,16,0.73
802,-20.0,0.0,-14,196,0.65
803,-24.0,4.0,-16,256,0.81
804,-24.0,4.0,-2,4,0.75
805,-28.0,8.0,20,400,0.87
806,-24.0,4.0,30,900,0.71
807,-24.0,4.0,-4,16,0.75
808,-20.0,0.0,-14,196,0.83
809,-20.0,0.0,-10,100,0.76
810,-24.0,4.0,-6,36,0.82
811,-24.0,4.0,4,16,0.79
812,-24.0,4.0,-2,4,0.83
813,-24.0,4.0,0,0,0.79
814,-20.0,0.0,8,64,0.74
815,-20.0,0.0,20,400,0.66
816,-28.0,8.0,34,1156,0.85
817,-24.0,4.0,4,16,0.85
818,-20.0,0.0,-14,196,0.79
819,-20.0,0.0,-8,64,0.79
820,-20.0,0.0,4,16,0.78
821,-32.0,12.0,-10,100,0.71
822,-20.0,0.0,6,36,0.76
823,-20.0,0.0,-8,64,0.79
824,-20.0,0.0,4,16,0.72
825,-24.0,4.0,6,36,0.75
826,-20.0,0.0,28,784,0.85
827,-20.0,0.0,4,16,0.84
828,-20.0,0.0,20,400,0.82
829,-24.0,4.0,26,676,0.81
830,-20.0,0.0,12,144,0.81
831,-20.0,0.0,14,196,0.73
832,-28.0,8.0,2,4,0.72
833,-20.0,0.0,0,0,0.71
834,-28.0,8.0,-2,4,0.77
835,-20.0,0.0,-4,16,0.75
836,-24.0,4.0,-20,400,0.74
837,-20.0,0.0,-16,256,0.82
838,-32.0,12.0,-10,100,0.85
839,-20.0,0.0,4,16,0.87
840,-20.0,0.0,-8,64,0.68
841,-28.0,8.0,-6,36,0.79
842,-20.0,0.0,8,64,0.81
843,-20.0,0.0,8,64,0.82
844,-20.0,0.0,8,64,0.76
845,-24.0,4.0,18,324,0.73
846,-24.0,4.0,12,144,0.77
847,-20.0,0.0,2,4,0.71
848,-24.0,4.0,8,64,0.83
849,-20.0,0.0,-12,144,0.78
850,-20.0,0.0,-8,64,0.7
851,-20.0,0.0,10,100,0.75
852,-20.0,0.0,16,256,0.77
853,-20.0,0.0,36,1296,0.78
854,-20.0,0.0,14,196,0.79
855,-20.0,0.0,4,16,0.81
856,-36.0,16.0,36,1296,0.86
857,-20.0,0.0,42,1764,0.73
858,-20.0,0.0,24,576,0.81
859,-24.0,4.0,22,484,0.73
860,-20.0,0.0,16,256,0.73
861,-24.0,4.0,18,324,0.67
862,-24.0,4.0,-6,36,0.82
863,-24.0,4.0,-14,196,0.82
864,-20.0,0.0,-2,4,0.74
865,-20.0,0.0,22,484,0.78
866,-28.0,8.0,10,100,0.72
867,-24.0,4.0,4,16,0.67
868,-28.0,8.0,14,196,0.81
869,-20.0,0.0,10,100,0.8
870,-20.0,0.0,-6,36,0.72
871,-28.0,8.0,10,100,0.82
872,-24.0,4.0,10,100,0.72
873,-20.0,0.0,14,196,0.68
874,-24.0,4.0,-8,64,0.81
875,-20.0,0.0,8,64,0.72
876,-32.0,12.0,-4,16,0.76
877,-28.0,8.0,-2,4,0.69
878,-20.0,0.0,-12,144,0.73
879,-20.0,0.0,2,4,0.81
880,-32.0,12.0,-18,324,0.84
881,-24.0,4.0,0,0,0.89
882,-28.0,8.0,-4,16,0.74
883,-20.0,0.0,-4,16,0.84
884,-28.0,8.0,-8,64,0.88
885,-28.0,8.0,22,484,0.77
886,-20.0,0.0,6,36,0.82
887,-20.0,0.0,14,196,0.86
888,-24.0,4.0,12,144,0.71
889,-20.0,0.0,-8,64,0.82
890,-20.0,0.0,2,4,0.79
891,-28.0,8.0,0,0,0.79
892,-20.0,0.0,12,144,0.78
893,-28.0,8.0,-10,100,0.89
894,-20.0,0.0,-8,64,0.71
895,-20.0,0.0,-34,1156,0.81
896,-24.0,4.0,-16,256,0.81
897,-28.0,8.0,-10,100,0.75
898,-20.0,0.0,0,0,0.71
899,-20.0,0.0,-4,16,0.88
900,-20.0,0.0,6,36,0.81
901,-20.0,0.0,32,1024,0.75
902,-24.0,4.0,8,64,0.8
903,-24.0,4.0,20,400,0.74
904,-20.0,0.0,-2,4,0.73
905,-20.0,0.0,10,100,0.72
906,-20.0,0.0,8,64,0.79
907,-28.0,8.0,-20,400,0.84
908,-20.0,0.0,-10,100,0.97
909,-20.0,0.0,0,0,0.79
910,-20.0,0.0,4,16,0.9
911,-20.0,0.0,-6,36,0.79
912,-32.0,12.0,24,576,0.75
913,-20.0,0.0,-12,144,0.88
914,-24.0,4.0,20,400,0.84
915,-24.0,4.0,26,676,0.87
916,-24.0,4.0,16,256,0.91
917,-28.0,8.0,-6,36,0.83
918,-20.0,0.0,8,64,0.87
919,-24.0,4.0,0,0,0.72
920,-20.0,0.0,4,16,0.82
921,-20.0,0.0,0,0,0.68
922,-32.0,12.0,0,0,0.88
923,-20.0,0.0,-10,100,0.79
924,-20.0,0.0,-8,64,0.77
925,-20.0,0.0,-12,144,0.7
926,-20.0,0.0,4,16,0.74
927,-24.0,4.0,18,324,0.81
928,-28.0,8.0,2,4,0.82
929,-20.0,0.0,2,4,0.78
930,-20.0,0.0,6,36,0.72
931,-20.0,0.0,2,4,0.8
932,-20.0,0.0,-14,196,0.82
933,-20.0,0.0,-6,36,0.8
934,-20.0,0.0,2,4,0.72
935,-24.0,4.0,-18,324,0.78
936,-24.0,4.0,-2,4,0.9
937,-20.0,0.0,8,64,0.75
938,-28.0,8.0,2,4,0.81
939,-20.0,0.0,-10,100,0.76
940,-20.0,0.0,0,0,0.71
941,-20.0,0.0,2,4,0.79
942,-20.0,0.0,-8,64,0.79
943,-24.0,4.0,-18,324,0.75
944,-28.0,8.0,2,4,0.82
945,-20.0,0.0,2,4,0.74
946,-20.0,0.0,-10,100,0.74
947,-20.0,0.0,-12,144,0.83
948,-28.0,8.0,-10,100,0.85
949,-20.0,0.0,0,0,0.71
950,-24.0,4.0,0,0,0.74
951,-20.0,0.0,8,64,0.68
952,-20.0,0.0,4,16,0.86
953,-20.0,0.0,-14,196,0.75
954,-20.0,0.0,-14,196,0.84
955,-20.0,0.0,0,0,0.73
956,-20.0,0.0,2,4,0.89
957,-20.0,0.0,10,100,0.74
958,-20.0,0.0,10,100,0.72
959,-20.0,0.0,4,16,0.79
960,-24.0,4.0,10,100,0.75
961,-20.0,0.0,-4,16,0.87
962,-20.0,0.0,22,484,0.79
963,-20.0,0.0,8,64,0.75
964,-20.0,0.0,0,0,0.68
965,-20.0,0.0,-2,4,0.71
966,-28.0,8.0,6,36,0.68
967,-20.0,0.0,-2,4,0.72
968,-24.0,4.0,4,16,0.77
969,-20.0,0.0,-8,64,0.72
970,-20.0,0.0,0,0,0.82
971,-24.0,4.0,0,0,0.76
972,-20.0,0.0,-22,484,0.75
973,-20.0,0.0,-8,64,0.81
974,-20.0,0.0,6,36,0.73
975,-20.0,0.0,-12,144,0.79
976,-20.0,0.0,0,0,0.72
977,-20.0,0.0,-8,64,0.88
978,-20.0,0.0,-4,16,0.66
979,-24.0,4.0,16,256,0.8
980,-20.0,0.0,16,256,0.74
981,-20.0,0.0,4,16,0.82
982,-20.0,0.0,0,0,0.84
983,-28.0,8.0,-16,256,0.82
984,-24.0,4.0,-6,36,0.81
985,-20.0,0.0,4,16,0.79
986,-20.0,0.0,18,324,0.89
987,-24.0,4.0,6,36,0.74
988,-20.0,0.0,12,144,0.65
989,-20.0,0.0,-16,256,0.86
990,-20.0,0.0,-6,36,0.81
991,-20.0,0.0,8,64,0.77
992,-24.0,4.0,-4,16,0.76
993,-24.0,4.0,-4,16,0.82
994,-20.0,0.0,-4,16,0.74
995,-24.0,4.0,-10,100,0.81
996,-24.0,4.0,-8,64,0.83
997,-24.0,4.0,-16,256,0.82
998,-20.0,0.0,-4,16,0.7
999,-20.0,0.0,10,100,0.81
1000,-20.0,0.0,-16,256,0.79
1001,-20.0,0.0,-6,36,0.77
1002,-24.0,4.0,-6,36,0.84
1003,-24.0,4.0,10,100,0.68
1004,-20.0,0.0,14,196,0.8
1005,-20.0,0.0,-20,400,0.69
1006,-20.0,0.0,0,0,0.72
1007,-24.0,4.0,8,64,0.78
1008,-20.0,0.0,2,4,0.77
1009,-24.0,4.0,-6,36,0.84
1010,-24.0,4.0,-2,4,0.82
1011,-20.0,0.0,-16,256,0.73
1012,-28.0,8.0,-6,36,0.73
1013,-20.0,0.0,-18,324,0.78
1014,-20.0,0.0,-26,676,0.74
1015,-20.0,0.0,-14,196,0.74
1016,-28.0,8.0,-20,400,0.75
1017,-32.0,12.0,-10,100,0.75
1018,-20.0,0.0,26,676,0.82
1019,-28.0,8.0,-10,100,0.82
1020,-28.0,8.0,-8,64,0.73
1021,-20.0,0.0,4,16,0.8
1022,-20.0,0.0,8,64,0.78
1023,-24.0,4.0,-4,16,0.78
1024,-24.0,4.0,14,196,0.85
1025,-24.0,4.0,16,256,0.73
1026,-24.0,4.0,4,16,0.74
1027,-32.0,12.0,-4,16,0.72
1028,-20.0,0.0,20,400,0.8
1029,-20.0,0.0,2,4,0.79
1030,-20.0,0.0,2,4,0.78
1031,-20.0,0.0,-6,36,0.8
1032,-20.0,0.0,14,196,0.72
1033,-20.0,0.0,6,36,0.8
1034,-20.0,0.0,4,16,0.69
1035,-28.0,8.0,-4,16,0.7
1036,-24.0,4.0,-8,64,0.82
1037,-20.0,0.0,2,4,0.99
1038,-24.0,4.0,8,64,0.75
1039,-20.0,0.0,6,36,0.75
1040,-20.0,0.0,2,4,0.72
1041,-24.0,4.0,18,324,0.84
1042,-20.0,0.0,8,64,0.83
1043,-20.0,0.0,14,196,0.87
1044,-20.0,0.0,16,256,0.77
1045,-20.0,0.0,-12,144,0.76
1046,-20.0,0.0,2,4,0.79
1047,-28.0,8.0,-12,144,0.77
1048,-20.0,0.0,6,36,0.67
1049,-36.0,16.0,6,36,0.86
1050,-20.0,0.0,-10,100,0.86
1051,-24.0,4.0,18,324,0.7
1052,-20.0,0.0,22,484,0.72
1053,-20.0,0.0,6,36,0.76
1054,-24.0,4.0,-10,100,0.66
1055,-20.0,0.0,-16,256,0.73
1056,-20.0,0.0,4,16,0.84
1057,-20.0,0.0,2,4,0.65
1058,-28.0,8.0,28,784,0.83
1059,-20.0,0.0,10,100,0.77
1060,-20.0,0.0,8,64,0.83
1061,-20.0,0.0,-28,784,0.82
1062,-20.0,0.0,-18,324,0.77
1063,-20.0,0.0,-16,256,0.73
1064,-20.0,0.0,0,0,0.68
1065,-20.0,0.0,8,64,0.84
1066,-24.0,4.0,6,36,0.71
1067,-20.0,0.0,-18,324,0.7
1068,-20.0,0.0,-14,196,0.78
1069,-20.0,0.0,4,16,0.81
1070,-20.0,0.0,24,576,0.8
1071,-20.0,0.0,16,256,0.8
1072,-28.0,8.0,2,4,0.79
1073,-24.0,4.0,20,400,0.83
1074,-24.0,4.0,0,0,0.74
1075,-20.0,0.0,4,16,0.64
1076,-20.0,0.0,4,16,0.8
1077,-20.0,0.0,18,324,0.49
1078,-20.0,0.0,0,0,0.75
1079,-20.0,0.0,10,100,0.91
1080,-20.0,0.0,14,196,0.88
1081,-24.0,4.0,-2,4,0.8
1082,-20.0,0.0,0,0,0.77
1083,-20.0,0.0,-4,16,0.7
1084,-20.0,0.0,2,4,0.77
1085,-24.0,4.0,4,16,0.83
1086,-20.0,0.0,4,16,0.8
1087,-24.0,4.0,-4,16,0.9
1088,-20.0,0.0,-4,16,0.68
1089,-20.0,0.0,-4,16,0.84
1090,-20.0,0.0,10,100,0.75
1091,-20.0,0.0,2,4,0.8
1092,-24.0,4.0,8,64,0.71
1093,-24.0,4.0,2,4,0.79
1094,-32.0,12.0,-2,4,0.74
1095,-20.0,0.0,4,16,0.89
1096,-20.0,0.0,-4,16,0.66
1097,-20.0,0.0,4,16,0.72
1098,-24.0,4.0,-10,100,0.71
1099,-20.0,0.0,14,196,0.76
1100,-20.0,0.0,-8,64,0.71
1101,-28.0,8.0,-4,16,0.82
1102,-24.0,4.0,-22,484,0.85
1103,-28.0,8.0,-18,324,0.66
1104,-20.0,0.0,-6,36,0.8
1105,-20.0,0.0,-2,4,0.72
1106,-24.0,4.0,-12,144,0.71
1107,-20.0,0.0,0,0,0.82
1108,-24.0,4.0,-16,256,0.8
1109,-20.0,0.0,-22,484,0.87
1110,-24.0,4.0,2,4,0.84
1111,-28.0,8.0,0,0,0.85
1112,-20.0,0.0,-22,484,0.81
1113,-20.0,0.0,-20,400,0.73
1114,-20.0,0.0,6,36,0.67
1115,-20.0,0.0,0,0,0.81
1116,-28.0,8.0,-10,100,0.85
1117,-20.0,0.0,8,64,0.81
1118,-20.0,0.0,20,400,0.7
1119,-20.0,0.0,-4,16,0.76
1120,-32.0,12.0,4,16,0.84
1121,-20.0,0.0,0,0,0.82
1122,-24.0,4.0,-22,484,0.89
1123,-20.0,0.0,-16,256,0.77
1124,-24.0,4.0,24,576,0.76
1125,-24.0,4.0,16,256,0.78
1126,-20.0,0.0,-4,16,0.74
1127,-24.0,4.0,8,64,0.82
1128,-28.0,8.0,6,36,0.77
1129,-20.0,0.0,26,676,0.86
1130,-20.0,0.0,16,256,0.87
1131,-20.0,0.0,16,256,0.68
1132,-20.0,0.0,-16,256,0.82
1133,-24.0,4.0,-6,36,0.71
1134,-20.0,0.0,2,4,0.86
1135,-20.0,0.0,-8,64,0.69
1136,-20.0,0.0,4,16,0.78
1137,-20.0,0.0,-8,64,0.66
1138,-24.0,4.0,6,36,0.81
1139,-24.0,4.0,-6,36,0.82
1140,-20.0,0.0,4,16,0.77
1141,-24.0,4.0,0,0,0.7
1142,-20.0,0.0,14,196,0.65
1143,-32.0,12.0,24,576,0.77
1144,-20.0,0.0,14,196,0.81
1145,-24.0,4.0,10,100,0.84
1146,-20.0,0.0,8,64,0.85
1147,-20.0,0.0,-6,36,0.81
1148,-24.0,4.0,-8,64,0.79
1149,-20.0,0.0,12,144,0.76
1150,-24.0,4.0,-8,64,0.82
1151,-20.0,0.0,-4,16,0.74
1152,-20.0,0.0,-6,36,0.73
1153,-24.0,4.0,0,0,0.81
1154,-20.0,0.0,10,100,0.73
1155,-28.0,8.0,28,784,0.71
1156,-20.0,0.0,10,100,0.83
1157,-20.0,0.0,12,144,0.73
1158,-20.0,0.0,4,16,0.74
1159,-20.0,0.0,-10,100,0.73
1160,-20.0,0.0,10,100,0.74
1161,-24.0,4.0,22,484,0.78
1162,-20.0,0.0,14,196,0.74
1163,-28.0,8.0,-18,324,0.82
1164,-20.0,0.0,-10,100,0.76
1165,-20.0,0.0,14,196,0.78
1166,-20.0,0.0,-18,324,0.82
1167,-20.0,0.0,8,64,0.77
1168,-28.0,8.0,4,16,0.76
1169,-20.0,0.0,-24,576,0.82
1170,-20.0,0.0,-18,324,0.67
1171,-24.0,4.0,6,36,0.74
1172,-24.0,4.0,24,576,0.87
1173,-24.0,4.0,0,0,0.76
1174,-20.0,0.0,-10,100,0.71
1175,-20.0,0.0,-2,4,0.82
1176,-24.0,4.0,-20,400,0.81
1177,-20.0,0.0,-10,100,0.79
1178,-20.0,0.0,10,100,0.78
1179,-20.0,0.0,-8,64,0.77
1180,-28.0,8.0,-16,256,0.76
1181,-20.0,0.0,-14,196,0.79
1182,-28.0,8.0,-8,64,0.81
1183,-20.0,0.0,-18,324,0.79
1184,-20.0,0.0,2,4,0.74
1185,-24.0,4.0,-10,100,0.74
1186,-20.0,0.0,-4,16,0.73
1187,-20.0,0.0,-10,100,0.75
1188,-20.0,0.0,8,64,0.79
1189,-20.0,0.0,10,100,0.79
1190,-24.0,4.0,12,144,0.83
1191,-20.0,0.0,16,256,0.78
1192,-20.0,0.0,22,484,0.73
1193,-20.0,0.0,26,676,0.82
1194,-20.0,0.0,22,484,0.72
1195,-20.0,0.0,16,256,0.73
1196,-24.0,4.0,-8,64,0.78
1197,-20.0,0.0,-22,484,0.73
1198,-20.0,0.0,0,0,0.73
1199,-24.0,4.0,2,4,0.79
1200,-20.0,0.0,16,256,0.79
1201,-20.0,0.0,-8,64,0.84
1202,-20.0,0.0,-2,4,0.75
1203,-20.0,0.0,-12,144,0.69
1204,-20.0,0.0,-16,256,0.8
1205,-24.0,4.0,8,64,0.76
1206,-24.0,4.0,-4,16,0.78
1207,-20.0,0.0,-8,64,0.78
1208,-20.0,0.0,-22,484,0.67
1209,-20.0,0.0,0,0,0.79
1210,-20.0,0.0,-16,256,0.88
1211,-24.0,4.0,10,100,0.77
1212,-20.0,0.0,14,196,0.66
1213,-24.0,4.0,10,100,0.74
1214,-24.0,4.0,6,36,0.86
1215,-20.0,0.0,14,196,0.76
1216,-20.0,0.0,8,64,0.83
1217,-20.0,0.0,2,4,0.71
1218,-24.0,4.0,-6,36,0.76
1219,-28.0,8.0,-2,4,0.8
1220,-20.0,0.0,-10,100,0.82
1221,-20.0,0.0,-2,4,0.82
1222,-20.0,0.0,-2,4,0.66
1223,-24.0,4.0,6,36,0.84
1224,-28.0,8.0,-16,256,0.73
1225,-20.0,0.0,-14,196,0.77
1226,-20.0,0.0,-2,4,0.7
1227,-24.0,4.0,-2,4,0.76
1228,-24.0,4.0,14,196,0.84
1229,-20.0,0.0,6,36,0.82
1230,-20.0,0.0,22,484,0.86
1231,-20.0,0.0,18,324,0.68
1232,-24.0,4.0,8,64,0.83
1233,-24.0,4.0,4,16,0.74
1234,-28.0,8.0,2,4,0.75
1235,-24.0,4.0,-8,64,0.71
1236,-20.0,0.0,-6,36,0.75
1237,-24.0,4.0,-4,16,0.71
1238,-20.0,0.0,-18,324,0.81
1239,-24.0,4.0,-6,36,0.76
1240,-20.0,0.0,-6,36,0.88
1241,-24.0,4.0,14,196,0.84
1242,-24.0,4.0,-6,36,0.88
1243,-20.0,0.0,0,0,0.77
1244,-24.0,4.0,8,64,0.76
1245,-20.0,0.0,14,196,0.91
1246,-20.0,0.0,-2,4,0.76
1247,-20.0,0.0,22,484,0.76
1248,-20.0,0.0,24,576,0.83
1249,-20.0,0.0,16,256,0.76
1250,-20.0,0.0,12,144,0.72
1251,-20.0,0.0,18,324,0.69
1252,-20.0,0.0,14,196,0.66
1253,-20.0,0.0,16,256,0.73
1254,-20.0,0.0,0,0,0.76
1255,-20.0,0.0,6,36,0.69
1256,-28.0,8.0,8,64,0.81
1257,-28.0,8.0,-20,400,0.78
1258,-24.0,4.0,-10,100,0.73
1259,-20.0,0.0,-8,64,0.73
1260,-28.0,8.0,6,36,0.89
1261,-20.0,0.0,-14,196,0.86
1262,-24.0,4.0,6,36,0.74
1263,-20.0,0.0,24,576,0.89
1264,-20.0,0.0,20,400,0.68
1265,-20.0,0.0,-10,100,0.75
1266,-24.0,4.0,8,64,0.89
1267,-28.0,8.0,-10,100,0.77
1268,-28.0,8.0,10,100,0.74
1269,-20.0,0.0,6,36,0.74
1270,-24.0,4.0,-6,36,0.74
1271,-24.0,4.0,16,256,0.73
1272,-24.0,4.0,4,16,0.86
1273,-20.0,0.0,2,4,0.73
1274,-20.0,0.0,2,4,0.86
1275,-28.0,8.0,-14,196,0.82
1276,-20.0,0.0,-16,256,0.71
1277,-24.0,4.0,-2,4,0.79
1278,-20.0,0.0,-4,16,0.81
1279,-24.0,4.0,6,36,0.79
1280,-20.0,0.0,-10,100,0.74
1281,-24.0,4.0,-16,256,0.81
1282,-20.0,0.0,0,0,0.76
1283,-20.0,0.0,34,1156,0.73
1284,-20.0,0.0,-2,4,0.76
1285,-20.0,0.0,-4,16,0.73
1286,-24.0,4.0,28,784,0.86
1287,-24.0,4.0,30,900,0.81
1288,-24.0,4.0,20,400,0.85
1289,-24.0,4.0,4,16,0.8
1290,-20.0,0.0,12,144,0.8
1291,-20.0,0.0,2,4,0.77
1292,-24.0,4.0,8,64,0.71
1293,-24.0,4.0,18,324,0.81
1294,-24.0,4.0,10,100,0.84
1295,-24.0,4.0,0,0,0.83
1296,-20.0,0.0,-2,4,0.75
1297,-20.0,0.0,4,16,0.83
1298,-20.0,0.0,16,256,0.82
1299,-20.0,0.0,12,144,0.84
1300,-20.0,0.0,8,64,0.8
1301,-20.0,0.0,-6,36,0.73
1302,-28.0,8.0,2,4,0.74
1303,-24.0,4.0,4,16,0.71
1304,-20.0,0.0,20,400,0.76
1305,-20.0,0.0,2,4,0.87
1306,-20.0,0.0,-8,64,0.83
1307,-24.0,4.0,12,144,0.74
1308,-20.0,0.0,2,4,0.69
1309,-20.0,0.0,-10,100,0.76
1310,-24.0,4.0,-8,64,0.73
1311,-20.0,0.0,-6,36,0.83
1312,-20.0,0.0,-22,484,0.78
1313,-24.0,4.0,18,324,0.76
1314,-28.0,8.0,12,144,0.79
1315,-20.0,0.0,-6,36,0.75
1316,-20.0,0.0,-12,144,0.77
1317,-24.0,4.0,8,64,0.86
1318,-20.0,0.0,8,64,0.84
1319,-20.0,0.0,4,16,0.7
1320,-24.0,4.0,20,400,0.9
1321,-20.0,0.0,0,0,0.84
1322,-28.0,8.0,-22,484,0.77
1323,-24.0,4.0,-20,400,0.87
1324,-24.0,4.0,-20,400,0.66
1325,-24.0,4.0,-10,100,0.83
1326,-20.0,0.0,-6,36,0.86
1327,-24.0,4.0,-4,16,0.81
1328,-20.0,0.0,-10,100,0.85
1329,-24.0,4.0,-2,4,0.8
1330,-24.0,4.0,-12,144,0.73
1331,-24.0,4.0,6,36,0.85
1332,-20.0,0.0,-16,256,0.71
1333,-20.0,0.0,4,16,0.64
1334,-20.0,0.0,-8,64,0.76
1335,-20.0,0.0,-6,36,0.75
1336,-24.0,4.0,0,0,0.69
1337,-24.0,4.0,12,144,0.68
1338,-20.0,0.0,6,36,0.79
1339,-28.0,8.0,32,1024,0.75
1340,-20.0,0.0,2,4,0.83
1341,-20.0,0.0,-12,144,0.75
1342,-20.0,0.0,2,4,0.81
1343,-24.0,4.0,-10,100,0.66
1344,-20.0,0.0,-10,100,0.72
1345,-24.0,4.0,-10,100,0.76
1346,-28.0,8.0,-12,144,0.71
1347,-20.0,0.0,-16,256,0.78
1348,-20.0,0.0,-32,1024,0.78
1349,-20.0,0.0,-8,64,0.76
1350,-28.0,8.0,-12,144,0.72
1351,-24.0,4.0,24,576,0.78
1352,-20.0,0.0,0,0,0.78
1353,-20.0,0.0,16,256,0.74
1354,-20.0,0.0,-4,16,0.74
1355,-20.0,0.0,14,196,0.77
1356,-20.0,0.0,-2,4,0.66
1357,-24.0,4.0,-18,324,0.72
1358,-20.0,0.0,12,144,0.75
1359,-20.0,0.0,4,16,0.72
1360,-28.0,8.0,4,16,0.76
1361,-28.0,8.0,-4,16,0.82
1362,-20.0,0.0,-6,36,0.75
1363,-20.0,0.0,12,144,0.77
1364,-24.0,4.0,12,144,0.76
1365,-20.0,0.0,2,4,0.83
1366,-20.0,0.0,-8,64,0.77
1367,-20.0,0.0,-14,196,0.79
1368,-20.0,0.0,-16,256,0.77
1369,-20.0,0.0,-2,4,0.73
1370,-20.0,0.0,6,36,0.78
1371,-28.0,8.0,0,0,0.79
1372,-20.0,0.0,4,16,0.82
1373,-20.0,0.0,12,144,0.88
1374,-20.0,0.0,20,400,0.74
1375,-20.0,0.0,10,100,0.83
1376,-20.0,0.0,4,16,0.81
1377,-28.0,8.0,-6,36,0.75
1378,-20.0,0.0,-4,16,0.77
1379,-20.0,0.0,16,256,0.84
1380,-20.0,0.0,8,64,0.76
1381,-20.0,0.0,6,36,0.81
1382,-24.0,4.0,8,64,0.79
1383,-20.0,0.0,24,576,0.68
1384,-28.0,8.0,-8,64,0.66
1385,-24.0,4.0,0,0,0.68
1386,-20.0,0.0,-10,100,0.79
1387,-28.0,8.0,-18,324,0.76
1388,-20.0,0.0,10,100,0.7
1389,-20.0,0.0,6,36,0.72
1390,-24.0,4.0,6,36,0.76
1391,-20.0,0.0,-20,400,0.77
1392,-24.0,4.0,2,4,0.81
1393,-28.0,8.0,6,36,0.8
1394,-20.0,0.0,-6,36,0.76
1395,-20.0,0.0,2,4,0.86
1396,-24.0,4.0,2,4,0.72
1397,-20.0,0.0,-14,196,0.8
1398,-24.0,4.0,6,36,0.74
1399,-20.0,0.0,-4,16,0.73
1400,-20.0,0.0,-18,324,0.79
1401,-20.0,0.0,-16,256,0.75
1402,-24.0,4.0,-12,144,0.74
1403,-20.0,0.0,4,16,0.66
1404,-24.0,4.0,10,100,0.73
1405,-28.0,8.0,16,256,0.85
1406,-20.0,0.0,2,4,0.83
1407,-28.0,8.0,-8,64,0.75
1408,-28.0,8.0,2,4,0.71
1409,-24.0,4.0,6,36,0.76
1410,-20.0,0.0,10,100,0.72
1411,-20.0,0.0,18,324,0.72
1412,-20.0,0.0,12,144,0.87
1413,-20.0,0.0,22,484,0.89
1414,-20.0,0.0,18,324,0.8
1415,-20.0,0.0,-2,4,0.82
1416,-24.0,4.0,-10,100,0.82
1417,-28.0,8.0,-14,196,0.88
1418,-24.0,4.0,-10,100,0.7
1419,-20.0,0.0,6,36,0.66
1420,-28.0,8.0,6,36,0.74
1421,-20.0,0.0,4,16,0.79
1422,-28.0,8.0,-2,4,0.85
1423,-24.0,4.0,-18,324,0.8
1424,-20.0,0.0,-8,64,0.81
1425,-24.0,4.0,22,484,0.85
1426,-20.0,0.0,18,324,0.78
1427,-20.0,0.0,0,0,0.63
1428,-20.0,0.0,-8,64,0.74
1429,-24.0,4.0,-30,900,0.77
1430,-20.0,0.0,-16,256,0.71
1431,-20.0,0.0,-2,4,0.71
1432,-20.0,0.0,14,196,0.8
1433,-24.0,4.0,-6,36,0.76
1434,-24.0,4.0,2,4,0.84
1435,-20.0,0.0,12,144,0.81
1436,-20.0,0.0,2,4,0.77
1437,-24.0,4.0,14,196,0.68
1438,-20.0,0.0,-6,36,0.72
1439,-24.0,4.0,-8,64,0.77
1440,-20.0,0.0,4,16,0.84
1441,-20.0,0.0,0,0,0.7
1442,-20.0,0.0,30,900,0.77
1443,-20.0,0.0,-8,64,0.73
1444,-20.0,0.0,-6,36,0.81
1445,-20.0,0.0,10,100,0.82
1446,-20.0,0.0,12,144,0.83
1447,-20.0,0.0,6,36,0.81
1448,-20.0,0.0,-10,100,0.78
1449,-28.0,8.0,12,144,0.83
1450,-28.0,8.0,-12,144,0.82
1451,-20.0,0.0,6,36,0.81
1452,-20.0,0.0,-10,100,0.84
1453,-20.0,0.0,-12,144,0.83
1454,-20.0,0.0,-10,100,0.83
1455,-24.0,4.0,-8,64,0.75
1456,-28.0,8.0,-28,784,0.72
1457,-32.0,12.0,-4,16,0.72
1458,-20.0,0.0,0,0,0.68
1459,-20.0,0.0,10,100,0.83
1460,-20.0,0.0,6,36,0.68
1461,-20.0,0.0,10,100,0.76
1462,-20.0,0.0,22,484,0.82
1463,-28.0,8.0,26,676,0.8
1464,-24.0,4.0,-8,64,0.83
1465,-20.0,0.0,4,16,0.74
1466,-20.0,0.0,18,324,0.93
1467,-24.0,4.0,12,144,0.71
1468,-24.0,4.0,8,64,0.8
1469,-20.0,0.0,-2,4,0.83
1470,-20.0,0.0,-2,4,0.68
1471,-40.0,20.0,-22,484,0.74
1472,-28.0,8.0,-2,4,0.72
1473,-24.0,4.0,-4,16,0.73
1474,-24.0,4.0,10,100,0.89
1475,-20.0,0.0,-8,64,0.83
1476,-24.0,4.0,-18,324,0.71
1477,-24.0,4.0,-14,196,0.74
1478,-24.0,4.0,4,16,0.73
1479,-20.0,0.0,-6,36,0.73
1480,-24.0,4.0,8,64,0.71
1481,-28.0,8.0,6,36,0.75
1482,-24.0,4.0,-2,4,0.88
1483,-20.0,0.0,-8,64,0.75
1484,-20.0,0.0,-14,196,0.71
1485,-20.0,0.0,18,324,0.74
1486,-20.0,0.0,0,0,0.73
1487,-24.0,4.0,14,196,0.81
1488,-20.0,0.0,22,484,0.66
1489,-20.0,0.0,30,900,0.68
1490,-20.0,0.0,-4,16,0.77
1491,-20.0,0.0,2,4,0.73
1492,-28.0,8.0,-10,100,0.84
1493,-24.0,4.0,0,0,0.79
1494,-28.0,8.0,-22,484,0.83
1495,-24.0,4.0,-4,16,0.79
1496,-28.0,8.0,18,324,0.71
1497,-28.0,8.0,2,4,0.68
1498,-24.0,4.0,-2,4,0.88
1499,-24.0,4.0,-8,64,0.83
1500,-20.0,0.0,-6,36,0.71
1501,-20.0,0.0,-10,100,0.72
1502,-24.0,4.0,6,36,0.78
1503,-24.0,4.0,14,196,0.84
1504,-20.0,0.0,-2,4,0.82
1505,-28.0,8.0,18,324,0.72
1506,-28.0,8.0,-24,576,0.71
1507,-20.0,0.0,4,16,0.84
1508,-20.0,0.0,6,36,0.81
1509,-24.0,4.0,-22,484,0.66
1510,-20.0,0.0,-24,576,0.85
1511,-28.0,8.0,-10,100,0.81
1512,-20.0,0.0,-18,324,0.8
1513,-24.0,4.0,2,4,0.8
1514,-24.0,4.0,-4,16,0.73
1515,-28.0,8.0,8,64,0.78
1516,-28.0,8.0,12,144,0.82
1517,-20.0,0.0,10,100,0.79
1518,-20.0,0.0,0,0,0.75
1519,-24.0,4.0,8,64,0.68
1520,-20.0,0.0,2,4,0.81
1521,-20.0,0.0,8,64,0.73
1522,-24.0,4.0,-2,4,0.71
1523,-32.0,12.0,-4,16,0.79
1524,-24.0,4.0,-4,16,0.86
1525,-24.0,4.0,-10,100,0.75
1526,-20.0,0.0,-20,400,0.79
1527,-20.0,0.0,-2,4,0.75
1528,-20.0,0.0,4,16,0.79
1529,-20.0,0.0,2,4,0.73
1530,-20.0,0.0,-4,16,0.77
1531,-24.0,4.0,-18,324,0.83
1532,-28.0,8.0,-2,4,0.84
1533,-20.0,0.0,2,4,0.78
1534,-20.0,0.0,-6,36,0.76
1535,-20.0,0.0,-10,100,0.76
1536,-20.0,0.0,-16,256,0.67
1537,-24.0,4.0,2,4,0.87
1538,-20.0,0.0,4,16,0.71
1539,-20.0,0.0,0,0,0.8
1540,-20.0,0.0,-20,400,0.72
1541,-20.0,0.0,-4,16,0.82
1542,-20.0,0.0,-4,16,0.78
1543,-24.0,4.0,4,16,0.86
1544,-20.0,0.0,-4,16,0.74
1545,-20.0,0.0,2,4,0.81
1546,-20.0,0.0,-2,4,0.72
1547,-20.0,0.0,2,4,0.78
1548,-20.0,0.0,-4,16,0.75
1549,-20.0,0.0,4,16,0.74
1550,-20.0,0.0,-8,64,0.72
1551,-20.0,0.0,-16,256,0.7
1552,-20.0,0.0,-6,36,0.77
1553,-20.0,0.0,-10,100,0.64
1554,-20.0,0.0,2,4,0.8
1555,-20.0,0.0,-18,324,0.82
1556,-24.0,4.0,-22,484,0.74
1557,-20.0,0.0,4,16,0.79
1558,-20.0,0.0,0,0,0.84
1559,-36.0,16.0,16,256,0.74
1560,-28.0,8.0,14,196,0.83
1561,-20.0,0.0,-8,64,0.79
1562,-20.0,0.0,-10,100,0.79
1563,-20.0,0.0,-2,4,0.7
1564,-20.0,0.0,14,196,0.7
1565,-20.0,0.0,4,16,0.79
1566,-20.0,0.0,-4,16,0.78
1567,-20.0,0.0,2,4,0.75
1568,-20.0,0.0,-4,16,0.75
1569,-20.0,0.0,0,0,0.82
1570,-24.0,4.0,6,36,0.85
1571,-20.0,0.0,16,256,0.87
1572,-20.0,0.0,2,4,0.69
1573,-20.0,0.0,4,16,0.81
1574,-24.0,4.0,4,16,0.92
1575,-20.0,0.0,-14,196,0.75
1576,-28.0,8.0,-8,64,0.69
1577,-24.0,4.0,-14,196,0.73
1578,-20.0,0.0,-20,400,0.79
1579,-32.0,12.0,-12,144,0.66
1580,-20.0,0.0,-8,64,0.8
1581,-24.0,4.0,-22,484,0.75
1582,-24.0,4.0,-24,576,0.75
1583,-24.0,4.0,-4,16,0.8
1584,-28.0,8.0,0,0,0.76
1585,-20.0,0.0,-8,64,0.84
1586,-28.0,8.0,10,100,0.85
1587,-20.0,0.0,2,4,0.88
1588,-20.0,0.0,10,100,0.62
1589,-20.0,0.0,18,324,0.82
1590,-20.0,0.0,2,4,0.8
1591,-24.0,4.0,0,0,0.75
1592,-24.0,4.0,0,0,0.84
1593,-20.0,0.0,-20,400,0.76
1594,-24.0,4.0,-28,784,0.78
1595,-24.0,4.0,-18,324,0.79
1596,-20.0,0.0,-18,324,0.84
1597,-20.0,0.0,0,0,0.81
1598,-20.0,0.0,16,256,0.92
1599,-20.0,0.0,10,100,0.83
1600,-20.0,0.0,10,100,0.82
1601,-24.0,4.0,4,16,0.85
1602,-20.0,0.0,8,64,0.68
1603,-20.0,0.0,-4,16,0.82
1604,-20.0,0.0,14,196,0.75
1605,-24.0,4.0,16,256,0.85
1606,-28.0,8.0,-10,100,0.77
1607,-20.0,0.0,-6,36,0.76
1608,-20.0,0.0,-4,16,0.73
1609,-24.0,4.0,-12,144,0.72
1610,-24.0,4.0,-8,64,0.78
1611,-24.0,4.0,-8,64,0.78
1612,-24.0,4.0,-12,144,0.76
1613,-36.0,16.0,-4,16,0.82
1614,-28.0,8.0,4,16,0.88
1615,-20.0,0.0,-14,196,0.83
1616,-20.0,0.0,20,400,0.79
1617,-20.0,0.0,18,324,0.81
1618,-20.0,0.0,20,400,0.75
1619,-20.0,0.0,-20,400,0.72
1620,-24.0,4.0,-22,484,0.83
1621,-20.0,0.0,4,16,0.81
1622,-20.0,0.0,8,64,0.74
1623,-20.0,0.0,-2,4,0.77
1624,-20.0,0.0,0,0,0.67
1625,-20.0,0.0,-10,100,0.79
1626,-20.0,0.0,-16,256,0.71
1627,-20.0,0.0,-24,576,0.84
1628,-20.0,0.0,-6,36,0.75
1629,-20.0,0.0,-26,676,0.78
1630,-28.0,8.0,-2,4,0.76
1631,-24.0,4.0,0,0,0.71
1632,-20.0,0.0,-16,256,0.82
1633,-20.0,0.0,-4,16,0.74
1634,-20.0,0.0,-10,100,0.61
1635,-28.0,8.0,-2,4,0.62
1636,-24.0,4.0,-10,100,0.82
1637,-24.0,4.0,-10,100,0.68
1638,-20.0,0.0,-8,64,0.79
1639,-20.0,0.0,-10,100,0.87
1640,-20.0,0.0,6,36,0.78
1641,-20.0,0.0,-14,196,0.64
1642,-20.0,0.0,6,36,0.78
1643,-20.0,0.0,20,400,0.73
1644,-20.0,0.0,14,196,0.83
1645,-24.0,4.0,-4,16,0.75
1646,-20.0,0.0,-8,64,0.66
1647,-24.0,4.0,-2,4,0.89
1648,-20.0,0.0,4,16,0.77
1649,-20.0,0.0,18,324,0.71
1650,-20.0,0.0,6,36,0.84
1651,-20.0,0.0,10,100,0.78
1652,-20.0,0.0,6,36,0.72
1653,-24.0,4.0,0,0,0.77
1654,-20.0,0.0,8,64,0.78
1655,-20.0,0.0,6,36,0.91
1656,-20.0,0.0,-24,576,0.75
1657,-20.0,0.0,-12,144,0.8
1658,-20.0,0.0,-2,4,0.79
1659,-20.0,0.0,-2,4,0.7
1660,-32.0,12.0,6,36,0.86
1661,-20.0,0.0,16,256,0.83
1662,-20.0,0.0,20,400,0.64
1663,-24.0,4.0,2,4,0.87
1664,-24.0,4.0,0,0,0.79
1665,-32.0,12.0,4,16,0.8
1666,-20.0,0.0,-22,484,0.85
1667,-20.0,0.0,-24,576,0.71
1668,-20.0,0.0,-14,196,0.71
1669,-20.0,0.0,14,196,0.78
1670,-28.0,8.0,24,576,0.77
1671,-24.0,4.0,4,16,0.9
1672,-24.0,4.0,2,4,0.73
1673,-24.0,4.0,-14,196,0.8
1674,-24.0,4.0,4,16,0.75
1675,-20.0,0.0,14,196,0.71
1676,-20.0,0.0,0,0,0.75
1677,-20.0,0.0,0,0,0.76
1678,-24.0,4.0,12,144,0.82
1679,-24.0,4.0,-2,4,0.81
1680,-28.0,8.0,-4,16,0.79
1681,-20.0,0.0,-22,484,0.79
1682,-20.0,0.0,-20,400,0.73
1683,-20.0,0.0,-6,36,0.81
1684,-20.0,0.0,16,256,0.71
1685,-24.0,4.0,6,36,0.77
1686,-20.0,0.0,14,196,0.76
1687,-20.0,0.0,2,4,0.72
1688,-32.0,12.0,10,100,0.76
1689,-20.0,0.0,-8,64,0.87
1690,-24.0,4.0,-10,100,0.75
1691,-20.0,0.0,4,16,0.75
1692,-20.0,0.0,-16,256,0.84
1693,-20.0,0.0,-12,144,0.7
1694,-20.0,0.0,-12,144,0.82
1695,-20.0,0.0,-30,900,0.77
1696,-28.0,8.0,-36,1296,0.89
1697,-20.0,0.0,-10,100,0.81
1698,-24.0,4.0,4,16,0.77
1699,-24.0,4.0,22,484,0.73
1700,-24.0,4.0,-10,100,0.88
1701,-32.0,12.0,8,64,0.77
1702,-28.0,8.0,4,16,0.76
1703,-20.0,0.0,-2,4,0.83
1704,-20.0,0.0,2,4,0.78
1705,-20.0,0.0,-4,16,0.89
1706,-24.0,4.0,-14,196,0.67
1707,-20.0,0.0,12,144,0.93
1708,-28.0,8.0,22,484,0.67
1709,-24.0,4.0,6,36,0.76
1710,-20.0,0.0,2,4,0.84
1711,-28.0,8.0,4,16,0.89
1712,-20.0,0.0,-4,16,0.72
1713,-24.0,4.0,-18,324,0.73
1714,-20.0,0.0,14,196,0.76
1715,-20.0,0.0,-4,16,0.79
1716,-20.0,0.0,4,16,0.8
1717,-20.0,0.0,22,484,0.79
1718,-20.0,0.0,18,324,0.7
1719,-24.0,4.0,18,324,0.78
1720,-24.0,4.0,20,400,0.81
1721,-20.0,0.0,32,1024,0.7
1722,-24.0,4.0,6,36,0.75
1723,-20.0,0.0,-10,100,0.76
1724,-20.0,0.0,-8,64,0.79
1725,-20.0,0.0,-6,36,0.85
1726,-20.0,0.0,8,64,0.75
1727,-20.0,0.0,4,16,0.72
1728,-20.0,0.0,8,64,0.74
1729,-24.0,4.0,10,100,0.81
1730,-20.0,0.0,14,196,0.62
1731,-20.0,0.0,-14,196,0.8
1732,-20.0,0.0,-6,36,0.8
1733,-24.0,4.0,12,144,0.83
1734,-20.0,0.0,0,0,0.78
1735,-20.0,0.0,14,196,0.69
1736,-28.0,8.0,-20,400,0.77
1737,-20.0,0.0,2,4,0.75
1738,-24.0,4.0,-12,144,0.79
1739,-20.0,0.0,-10,100,0.81
1740,-32.0,12.0,-22,484,0.84
1741,-24.0,4.0,6,36,0.8
1742,-24.0,4.0,-6,36,0.74
1743,-20.0,0.0,-18,324,0.78
1744,-20.0,0.0,-14,196,0.74
1745,-20.0,0.0,-2,4,0.78
1746,-20.0,0.0,-6,36,0.82
1747,-24.0,4.0,-24,576,0.83
1748,-20.0,0.0,-16,256,0.8
1749,-24.0,4.0,-24,576,0.78
1750,-20.0,0.0,-4,16,0.76
1751,-24.0,4.0,-6,36,0.77
1752,-20.0,0.0,-4,16,0.81
1753,-24.0,4.0,-10,100,0.73
1754,-24.0,4.0,-2,4,0.74
1755,-20.0,0.0,-10,100,0.9
1756,-20.0,0.0,10,100,0.7
1757,-20.0,0.0,18,324,0.82
1758,-24.0,4.0,6,36,0.86
1759,-20.0,0.0,-14,196,0.78
1760,-24.0,4.0,20,400,0.83
1761,-20.0,0.0,8,64,0.7
1762,-20.0,0.0,-14,196,0.65
1763,-20.0,0.0,-22,484,0.84
1764,-24.0,4.0,-2,4,0.72
1765,-20.0,0.0,0,0,0.79
1766,-20.0,0.0,2,4,0.85
1767,-20.0,0.0,-10,100,0.64
1768,-24.0,4.0,2,4,0.82
1769,-24.0,4.0,4,16,0.79
1770,-20.0,0.0,6,36,0.73
1771,-20.0,0.0,0,0,0.73
1772,-20.0,0.0,-8,64,0.78
1773,-20.0,0.0,-20,400,0.68
1774,-20.0,0.0,-4,16,0.74
1775,-24.0,4.0,-14,196,0.83
1776,-20.0,0.0,-18,324,0.8
1777,-28.0,8.0,0,0,0.79
1778,-24.0,4.0,-2,4,0.77
1779,-24.0,4.0,24,576,0.81
1780,-20.0,0.0,10,100,0.89
1781,-20.0,0.0,14,196,0.76
1782,-20.0,0.0,2,4,0.9
1783,-24.0,4.0,0,0,0.69
1784,-20.0,0.0,14,196,0.83
1785,-20.0,0.0,-4,16,0.83
1786,-24.0,4.0,-6,36,0.69
1787,-20.0,0.0,-2,4,0.9
1788,-20.0,0.0,14,196,0.9
1789,-20.0,0.0,6,36,0.6
1790,-20.0,0.0,6,36,0.82
1791,-20.0,0.0,-20,400,0.65
1792,-32.0,12.0,-6,36,0.75
1793,-20.0,0.0,2,4,0.76
1794,-28.0,8.0,-14,196,0.78
1795,-20.0,0.0,0,0,0.69
1796,-24.0,4.0,8,64,0.84
1797,-20.0,0.0,-8,64,0.8
1798,-24.0,4.0,-24,576,0.62
1799,-20.0,0.0,12,144,0.68
1800,-20.0,0.0,-2,4,0.91
1801,-20.0,0.0,-16,256,0.85
1802,-20.0,0.0,20,400,0.78
1803,-20.0,0.0,10,100,0.83
1804,-20.0,0.0,6,36,0.7
1805,-24.0,4.0,12,144,0.79
1806,-24.0,4.0,18,324,0.67
1807,-20.0,0.0,16,256,0.83
1808,-20.0,0.0,14,196,0.71
1809,-20.0,0.0,12,144,0.85
1810,-20.0,0.0,6,36,0.69
1811,-20.0,0.0,2,4,0.76
1812,-20.0,0.0,-4,16,0.75
1813,-24.0,4.0,6,36,0.83
1814,-20.0,0.0,-2,4,0.78
1815,-32.0,12.0,16,256,0.73
1816,-20.0,0.0,-10,100,0.81
1817,-20.0,0.0,26,676,0.76
1818,-20.0,0.0,28,784,0.79
1819,-20.0,0.0,28,784,0.84
1820,-20.0,0.0,24,576,0.66
1821,-24.0,4.0,16,256,0.82
1822,-24.0,4.0,0,0,0.88
1823,-24.0,4.0,-14,196,0.77
1824,-24.0,4.0,4,16,0.81
1825,-24.0,4.0,16,256,0.8
1826,-20.0,0.0,22,484,0.73
1827,-20.0,0.0,12,144,0.63
1828,-20.0,0.0,24,576,0.7
1829,-20.0,0.0,-8,64,0.78
1830,-20.0,0.0,-32,1024,0.86
1831,-24.0,4.0,-14,196,0.73
1832,-24.0,4.0,-12,144,0.73
1833,-20.0,0.0,12,144,0.82
1834,-24.0,4.0,16,256,0.68
1835,-20.0,0.0,18,324,0.73
1836,-20.0,0.0,2,4,0.78
1837,-20.0,0.0,12,144,0.81
1838,-24.0,4.0,8,64,0.78
1839,-24.0,4.0,12,144,0.78
1840,-24.0,4.0,10,100,0.85
1841,-20.0,0.0,-8,64,0.77
1842,-20.0,0.0,-2,4,0.75
1843,-20.0,0.0,4,16,0.65
1844,-24.0,4.0,22,484,0.83
1845,-20.0,0.0,14,196,0.74
1846,-24.0,4.0,2,4,0.68
1847,-20.0,0.0,8,64,0.77
1848,-20.0,0.0,2,4,0.75
1849,-20.0,0.0,-16,256,0.71
1850,-20.0,0.0,-6,36,0.73
1851,-24.0,4.0,-6,36,0.78
1852,-20.0,0.0,2,4,0.88
1853,-20.0,0.0,-8,64,0.87
1854,-20.0,0.0,-6,36,0.71
1855,-28.0,8.0,-18,324,0.86
1856,-24.0,4.0,-16,256,0.81
1857,-20.0,0.0,-24,576,0.76
1858,-20.0,0.0,-8,64,0.82
1859,-24.0,4.0,2,4,0.85
1860,-20.0,0.0,16,256,0.73
1861,-20.0,0.0,-4,16,0.84
1862,-20.0,0.0,8,64,0.82
1863,-24.0,4.0,6,36,0.89
1864,-20.0,0.0,8,64,0.81
1865,-24.0,4.0,16,256,0.72
1866,-28.0,8.0,12,144,0.74
1867,-20.0,0.0,8,64,0.82
1868,-20.0,0.0,4,16,0.7
1869,-20.0,0.0,-10,100,0.83
1870,-24.0,4.0,-20,400,0.83
1871,-20.0,0.0,-14,196,0.83
1872,-20.0,0.0,-6,36,0.86
1873,-20.0,0.0,-12,144,0.77
1874,-20.0,0.0,-20,400,0.74
1875,-20.0,0.0,14,196,0.67
1876,-24.0,4.0,16,256,0.73
1877,-20.0,0.0,10,100,0.83
1878,-20.0,0.0,2,4,0.72
1879,-20.0,0.0,-14,196,0.76
1880,-24.0,4.0,-10,100,0.78
1881,-20.0,0.0,12,144,0.81
1882,-24.0,4.0,-22,484,0.85
1883,-20.0,0.0,-2,4,0.8
1884,-20.0,0.0,-12,144,0.79
1885,-24.0,4.0,-22,484,0.71
1886,-20.0,0.0,4,16,0.73
1887,-20.0,0.0,4,16,0.8
1888,-20.0,0.0,-8,64,0.74
1889,-24.0,4.0,-12,144,0.8
1890,-28.0,8.0,-8,64,0.8
1891,-20.0,0.0,-18,324,0.83
1892,-24.0,4.0,12,144,0.85
1893,-20.0,0.0,22,484,0.69
1894,-20.0,0.0,22,484,0.82
1895,-20.0,0.0,26,676,0.8
1896,-20.0,0.0,-20,400,0.79
1897,-28.0,8.0,-18,324,0.81
1898,-20.0,0.0,-28,784,0.81
1899,-32.0,12.0,-12,144,0.76
1900,-24.0,4.0,2,4,0.89
1901,-28.0,8.0,0,0,0.75
1902,-28.0,8.0,12,144,0.82
1903,-20.0,0.0,8,64,0.84
1904,-20.0,0.0,4,16,0.82
1905,-24.0,4.0,12,144,0.76
1906,-20.0,0.0,22,484,0.81
1907,-20.0,0.0,28,784,0.75
1908,-20.0,0.0,6,36,0.75
1909,-28.0,8.0,-2,4,0.8
1910,-20.0,0.0,-6,36,0.94
1911,-20.0,0.0,-4,16,0.75
1912,-20.0,0.0,4,16,0.78
1913,-20.0,0.0,4,16,0.72
1914,-24.0,4.0,0,0,0.76
1915,-20.0,0.0,18,324,0.75
1916,-24.0,4.0,4,16,0.69
1917,-20.0,0.0,-8,64,0.8
1918,-20.0,0.0,8,64,0.82
1919,-20.0,0.0,6,36,0.81
1920,-20.0,0.0,10,100,0.82
1921,-20.0,0.0,6,36,0.82
1922,-28.0,8.0,24,576,0.75
1923,-20.0,0.0,-6,36,0.73
1924,-20.0,0.0,6,36,0.82
1925,-24.0,4.0,-8,64,0.71
1926,-20.0,0.0,12,144,0.78
1927,-32.0,12.0,28,784,0.82
1928,-20.0,0.0,4,16,0.7
1929,-20.0,0.0,12,144,0.8
1930,-28.0,8.0,14,196,0.79
1931,-20.0,0.0,4,16,0.81
1932,-24.0,4.0,-8,64,0.72
1933,-20.0,0.0,2,4,0.75
1934,-20.0,0.0,-28,784,0.79
1935,-24.0,4.0,-4,16,0.74
1936,-28.0,8.0,-24,576,0.9
1937,-24.0,4.0,-4,16,0.78
1938,-28.0,8.0,-10,100,0.85
1939,-24.0,4.0,-2,4,0.82
1940,-20.0,0.0,-4,16,0.81
1941,-24.0,4.0,2,4,0.65
1942,-20.0,0.0,0,0,0.73
1943,-24.0,4.0,12,144,0.76
1944,-24.0,4.0,-8,64,0.84
1945,-20.0,0.0,-4,16,0.8
1946,-24.0,4.0,-10,100,0.91
1947,-20.0,0.0,-2,4,0.8
1948,-20.0,0.0,-12,144,0.75
1949,-20.0,0.0,0,0,0.72
1950,-20.0,0.0,6,36,0.71
1951,-20.0,0.0,12,144,0.81
1952,-32.0,12.0,0,0,0.86
1953,-20.0,0.0,-4,16,0.86
1954,-24.0,4.0,-14,196,0.77
1955,-20.0,0.0,-18,324,0.84
1956,-28.0,8.0,-2,4,0.8
1957,-24.0,4.0,-4,16,0.73
1958,-20.0,0.0,2,4,0.71
1959,-20.0,0.0,0,0,0.73
1960,-24.0,4.0,-8,64,0.76
1961,-20.0,0.0,22,484,0.73
1962,-28.0,8.0,0,0,0.79
1963,-20.0,0.0,-2,4,0.77
1964,-32.0,12.0,24,576,0.75
1965,-20.0,0.0,8,64,0.84
1966,-24.0,4.0,2,4,0.85
1967,-24.0,4.0,14,196,0.8
1968,-20.0,0.0,6,36,0.64
1969,-24.0,4.0,12,144,0.77
1970,-20.0,0.0,-2,4,0.81
1971,-24.0,4.0,10,100,0.86
1972,-32.0,12.0,24,576,0.79
1973,-20.0,0.0,14,196,0.79
1974,-24.0,4.0,-4,16,0.79
1975,-20.0,0.0,-28,784,0.72
1976,-20.0,0.0,-8,64,0.74
1977,-20.0,0.0,0,0,0.74
1978,-28.0,8.0,10,100,0.73
1979,-20.0,0.0,4,16,0.79
1980,-24.0,4.0,2,4,0.85
1981,-20.0,0.0,2,4,0.78
1982,-24.0,4.0,-8,64,0.91
1983,-24.0,4.0,0,0,0.84
1984,-28.0,8.0,-22,484,0.73
1985,-20.0,0.0,0,0,0.73
1986,-20.0,0.0,14,196,0.75
1987,-20.0,0.0,2,4,0.76
1988,-32.0,12.0,10,100,0.74
1989,-20.0,0.0,-8,64,0.75
1990,-20.0,0.0,-12,144,0.84
1991,-20.0,0.0,-16,256,0.7
1992,-20.0,0.0,-2,4,0.81
1993,-24.0,4.0,0,0,0.77
1994,-20.0,0.0,4,16,0.78
1995,-20.0,0.0,6,36,0.79
1996,-24.0,4.0,-10,100,0.76
1997,-32.0,12.0,16,256,0.73
1998,-20.0,0.0,-2,4,0.69
1999,-20.0,0.0,4,16,0.71
2000,-20.0,0.0,4,16,0.76
2001,-24.0,4.0,6,36,0.83
2002,-24.0,4.0,-6,36,0.76
2003,-20.0,0.0,4,16,0.87
2004,-24.0,4.0,16,256,0.8
2005,-20.0,0.0,-4,16,0.78
2006,-20.0,0.0,-6,36,0.69
2007,-20.0,0.0,-22,484,0.92
2008,-20.0,0.0,-10,100,0.76
2009,-24.0,4.0,0,0,0.95
2010,-20.0,0.0,4,16,0.7
2011,-20.0,0.0,-14,196,0.77
2012,-20.0,0.0,6,36,0.7
2013,-20.0,0.0,-14,196,0.72
2014,-20.0,0.0,-12,144,0.65
2015,-20.0,0.0,10,100,0.83
2016,-20.0,0.0,14,196,0.88
2017,-20.0,0.0,14,196,0.74
2018,-20.0,0.0,-4,16,0.77
2019,-24.0,4.0,-14,196,0.79
2020,-24.0,4.0,16,256,0.79
2021,-20.0,0.0,10,100,0.77
2022,-24.0,4.0,-14,196,0.86
2023,-24.0,4.0,0,0,0.79
2024,-20.0,0.0,-24,576,0.7
2025,-20.0,0.0,-14,196,0.83
2026,-20.0,0.0,-4,16,0.85
2027,-24.0,4.0,0,0,0.78
2028,-28.0,8.0,0,0,0.74
2029,-24.0,4.0,16,256,0.84
2030,-24.0,4.0,0,0,0.72
2031,-20.0,0.0,-14,196,0.79
2032,-20.0,0.0,-6,36,0.78
2033,-24.0,4.0,-12,144,0.75
2034,-20.0,0.0,8,64,0.72
2035,-20.0,0.0,12,144,0.74
2036,-20.0,0.0,12,144,0.72
2037,-20.0,0.0,18,324,0.73
2038,-20.0,0.0,2,4,0.84
2039,-24.0,4.0,2,4,0.8
2040,-24.0,4.0,16,256,0.75
2041,-24.0,4.0,10,100,0.67
2042,-20.0,0.0,14,196,0.76
2043,-24.0,4.0,26,676,0.8
2044,-20.0,0.0,8,64,0.79
2045,-20.0,0.0,16,256,0.78
2046,-20.0,0.0,24,576,0.74
2047,-24.0,4.0,18,324,0.73
2048,-20.0,0.0,-4,16,0.81
2049,-20.0,0.0,0,0,0.84
2050,-20.0,0.0,-6,36,0.79
2051,-24.0,4.0,-6,36,0.78
2052,-28.0,8.0,-14,196,0.82
2053,-20.0,0.0,-4,16,0.75
2054,-20.0,0.0,14,196,0.81
2055,-24.0,4.0,2,4,0.78
2056,-24.0,4.0,-22,484,0.84
2057,-20.0,0.0,-4,16,0.69
2058,-20.0,0.0,0,0,0.78
2059,-24.0,4.0,-8,64,0.74
2060,-36.0,16.0,-6,36,0.87
2061,-20.0,0.0,2,4,0.7
2062,-20.0,0.0,8,64,0.79
2063,-24.0,4.0,20,400,0.66
2064,-28.0,8.0,2,4,0.81
2065,-24.0,4.0,-4,16,0.69
2066,-24.0,4.0,-40,1600,0.92
2067,-20.0,0.0,-12,144,0.7
2068,-20.0,0.0,-8,64,0.64
2069,-20.0,0.0,4,16,0.82
2070,-20.0,0.0,2,4,0.79
2071,-20.0,0.0,18,324,0.84
2072,-20.0,0.0,10,100,0.74
2073,-20.0,0.0,0,0,0.73
2074,-20.0,0.0,10,100,0.79
2075,-20.0,0.0,6,36,0.7
2076,-20.0,0.0,-8,64,0.87
2077,-20.0,0.0,-12,144,0.78
2078,-20.0,0.0,-16,256,0.7
2079,-28.0,8.0,-6,36,0.91
2080,-24.0,4.0,10,100,0.86
2081,-20.0,0.0,-2,4,0.76
2082,-20.0,0.0,-6,36,0.74
2083,-28.0,8.0,-24,576,0.75
2084,-20.0,0.0,-16,256,0.8
2085,-24.0,4.0,-16,256,0.72
2086,-24.0,4.0,-8,64,0.72
2087,-20.0,0.0,18,324,0.81
2088,-20.0,0.0,6,36,0.72
2089,-20.0,0.0,2,4,0.82
2090,-36.0,16.0,-4,16,0.71
2091,-20.0,0.0,0,0,0.82
2092,-20.0,0.0,-8,64,0.82
2093,-20.0,0.0,-12,144,0.76
2094,-20.0,0.0,0,0,0.7
2095,-20.0,0.0,-14,196,0.79
2096,-32.0,12.0,-2,4,0.8
2097,-20.0,0.0,-6,36,0.82
2098,-20.0,0.0,-6,36,0.8
2099,-24.0,4.0,14,196,0.8
2100,-36.0,16.0,6,36,0.72
2101,-28.0,8.0,22,484,0.86
2102,-24.0,4.0,30,900,0.9
2103,-20.0,0.0,-2,4,0.78
2104,-24.0,4.0,10,100,0.76
2105,-24.0,4.0,-10,100,0.76
2106,-32.0,12.0,-44,1936,0.71
2107,-24.0,4.0,-24,576,0.72
2108,-20.0,0.0,2,4,0.83
2109,-20.0,0.0,0,0,0.69
2110,-20.0,0.0,2,4,0.85
2111,-20.0,0.0,-6,36,0.8
2112,-20.0,0.0,-10,100,0.66
2113,-20.0,0.0,-20,400,0.79
2114,-24.0,4.0,6,36,0.81
2115,-20.0,0.0,0,0,0.77
2116,-20.0,0.0,20,400,0.84
2117,-20.0,0.0,-2,4,0.79
2118,-24.0,4.0,4,16,0.67
2119,-20.0,0.0,-8,64,0.82
2120,-20.0,0.0,-8,64,0.8
2121,-20.0,0.0,6,36,0.87
2122,-24.0,4.0,-6,36,0.9
2123,-24.0,4.0,-18,324,0.8
2124,-20.0,0.0,-8,64,0.81
2125,-28.0,8.0,-4,16,0.76
2126,-24.0,4.0,-10,100,0.81
2127,-24.0,4.0,-2,4,0.9
2128,-24.0,4.0,8,64,0.87
2129,-24.0,4.0,-20,400,0.86
2130,-28.0,8.0,22,484,0.77
2131,-20.0,0.0,2,4,0.86
2132,-20.0,0.0,20,400,0.77
2133,-28.0,8.0,4,16,0.84
2134,-24.0,4.0,18,324,0.79
2135,-20.0,0.0,8,64,0.87
2136,-24.0,4.0,0,0,0.8
2137,-20.0,0.0,-20,400,0.76
2138,-20.0,0.0,-16,256,0.72
2139,-20.0,0.0,-18,324,0.75
2140,-24.0,4.0,6,36,0.86
2141,-24.0,4.0,4,16,0.73
2142,-28.0,8.0,0,0,0.74
2143,-20.0,0.0,-16,256,0.82
2144,-24.0,4.0,20,400,0.72
2145,-20.0,0.0,-2,4,0.81
2146,-28.0,8.0,-22,484,0.76
2147,-24.0,4.0,4,16,0.79
2148,-20.0,0.0,-4,16,0.86
2149,-24.0,4.0,4,16,0.78
2150,-20.0,0.0,12,144,0.82
2151,-32.0,12.0,2,4,0.69
2152,-20.0,0.0,2,4,0.74
2153,-20.0,0.0,-14,196,0.7
2154,-32.0,12.0,-4,16,0.73
2155,-20.0,0.0,-4,16,0.86
2156,-20.0,0.0,8,64,0.7
2157,-20.0,0.0,-2,4,0.77
2158,-20.0,0.0,8,64,0.87
2159,-28.0,8.0,0,0,0.84
2160,-20.0,0.0,-10,100,0.89
2161,-20.0,0.0,-4,16,0.75
2162,-20.0,0.0,8,64,0.86
2163,-24.0,4.0,-6,36,0.79
2164,-20.0,0.0,-22,484,0.72
2165,-20.0,0.0,-4,16,0.85
2166,-24.0,4.0,0,0,0.76
2167,-28.0,8.0,30,900,0.81
2168,-32.0,12.0,10,100,0.84
2169,-20.0,0.0,-10,100,0.78
2170,-20.0,0.0,-16,256,0.85
2171,-20.0,0.0,-32,1024,0.66
2172,-20.0,0.0,-18,324,0.67
2173,-20.0,0.0,-8,64,0.81
2174,-20.0,0.0,-8,64,0.82
2175,-24.0,4.0,-4,16,0.9
2176,-28.0,8.0,24,576,0.72
2177,-24.0,4.0,20,400,0.82
2178,-20.0,0.0,12,144,0.7
2179,-20.0,0.0,6,36,0.75
2180,-20.0,0.0,-4,16,0.81
2181,-24.0,4.0,-14,196,0.81
2182,-20.0,0.0,-32,1024,0.73
2183,-32.0,12.0,-24,576,0.78
2184,-20.0,0.0,0,0,0.84
2185,-20.0,0.0,18,324,0.77
2186,-20.0,0.0,6,36,0.8
2187,-20.0,0.0,0,0,0.87
2188,-20.0,0.0,-4,16,0.78
2189,-20.0,0.0,-8,64,0.84
2190,-28.0,8.0,-18,324,0.71
2191,-28.0,8.0,-6,36,0.72
2192,-20.0,0.0,0,0,0.73
2193,-28.0,8.0,-2,4,0.75
2194,-20.0,0.0,0,0,0.83
2195,-20.0,0.0,6,36,0.81
2196,-28.0,8.0,-8,64,0.73
2197,-20.0,0.0,2,4,0.75
2198,-24.0,4.0,12,144,0.85
2199,-20.0,0.0,8,64,0.8
2200,-20.0,0.0,-2,4,0.73
2201,-28.0,8.0,8,64,0.75
2202,-20.0,0.0,8,64,0.76
2203,-24.0,4.0,12,144,0.82
2204,-20.0,0.0,2,4,0.71
2205,-20.0,0.0,2,4,0.78
2206,-24.0,4.0,-8,64,0.73
2207,-20.0,0.0,-4,16,0.84
2208,-24.0,4.0,0,0,0.72
2209,-24.0,4.0,-2,4,0.79
2210,-24.0,4.0,-22,484,0.8
2211,-20.0,0.0,-16,256,0.75
2212,-28.0,8.0,-12,144,0.88
2213,-24.0,4.0,12,144,0.76
2214,-20.0,0.0,12,144,0.76
2215,-20.0,0.0,-6,36,0.75
2216,-20.0,0.0,-12,144,0.81
2217,-20.0,0.0,10,100,0.79
2218,-20.0,0.0,-12,144,0.69
2219,-24.0,4.0,6,36,0.81
2220,-20.0,0.0,26,676,0.76
2221,-20.0,0.0,8,64,0.75
2222,-20.0,0.0,8,64,0.72
2223,-20.0,0.0,-14,196,0.71
2224,-24.0,4.0,-4,16,0.77
2225,-20.0,0.0,10,100,0.81
2226,-24.0,4.0,4,16,0.73
2227,-20.0,0.0,-18,324,0.67
2228,-20.0,0.0,-22,484,0.7
2229,-24.0,4.0,-10,100,0.8
2230,-20.0,0.0,-18,324,0.78
2231,-20.0,0.0,-2,4,0.76
2232,-20.0,0.0,10,100,0.78
2233,-20.0,0.0,-2,4,0.82
2234,-20.0,0.0,-10,100,0.76
2235,-20.0,0.0,-20,400,0.73
2236,-20.0,0.0,-20,400,0.8
2237,-20.0,0.0,10,100,0.69
2238,-20.0,0.0,2,4,0.78
2239,-20.0,0.0,10,100,0.7
2240,-24.0,4.0,-2,4,0.8
2241,-20.0,0.0,0,0,0.83
2242,-20.0,0.0,12,144,0.8
2243,-28.0,8.0,6,36,0.87
2244,-24.0,4.0,-16,256,0.75
2245,-20.0,0.0,-18,324,0.67
2246,-20.0,0.0,-8,64,0.79
2247,-20.0,0.0,-14,196,0.77
2248,-20.0,0.0,6,36,0.76
2249,-20.0,0.0,20,400,0.85
2250,-20.0,0.0,24,576,0.68
2251,-20.0,0.0,-6,36,0.75
2252,-28.0,8.0,10,100,0.84
2253,-20.0,0.0,4,16,0.89
2254,-28.0,8.0,2,4,0.75
2255,-24.0,4.0,18,324,0.88
2256,-24.0,4.0,6,36,0.8
2257,-20.0,0.0,-14,196,0.74
2258,-28.0,8.0,-2,4,0.84
2259,-24.0,4.0,6,36,0.8
2260,-20.0,0.0,-2,4,0.84
2261,-20.0,0.0,-22,484,0.88
2262,-20.0,0.0,-18,324,0.68
2263,-20.0,0.0,4,16,0.85
2264,-20.0,0.0,18,324,0.73
2265,-24.0,4.0,-4,16,0.79
2266,-20.0,0.0,6,36,0.79
2267,-20.0,0.0,4,16,0.85
2268,-20.0,0.0,-12,144,0.84
2269,-28.0,8.0,-16,256,0.76
2270,-24.0,4.0,-26,676,0.87
2271,-20.0,0.0,-18,324,0.8
2272,-20.0,0.0,-2,4,0.74
2273,-20.0,0.0,4,16,0.83
2274,-24.0,4.0,14,196,0.91
2275,-20.0,0.0,4,16,0.81
2276,-20.0,0.0,4,16,0.76
2277,-24.0,4.0,8,64,0.66
2278,-20.0,0.0,14,196,0.81
2279,-20.0,0.0,-2,4,0.78
2280,-24.0,4.0,-14,196,0.72
2281,-28.0,8.0,0,0,0.71
2282,-20.0,0.0,-12,144,0.72
2283,-24.0,4.0,2,4,0.85
2284,-20.0,0.0,-20,400,0.73
2285,-20.0,0.0,16,256,0.68
2286,-20.0,0.0,-8,64,0.68
2287,-20.0,0.0,-4,16,0.88
2288,-20.0,0.0,10,100,0.71
2289,-20.0,0.0,-8,64,0.83
2290,-28.0,8.0,-2,4,0.79
2291,-20.0,0.0,2,4,0.82
2292,-20.0,0.0,14,196,0.82
2293,-24.0,4.0,8,64,0.71
2294,-20.0,0.0,-10,100,0.83
2295,-20.0,0.0,-6,36,0.82
2296,-20.0,0.0,18,324,0.84
2297,-20.0,0.0,14,196,0.86
2298,-20.0,0.0,38,1444,0.78
2299,-20.0,0.0,28,784,0.73
2300,-20.0,0.0,12,144,0.8
2301,-20.0,0.0,10,100,0.73
2302,-20.0,0.0,-14,196,0.74
2303,-20.0,0.0,12,144,0.69
2304,-28.0,8.0,4,16,0.62
2305,-20.0,0.0,-4,16,0.86
2306,-24.0,4.0,-18,324,0.65
2307,-24.0,4.0,6,36,0.82
2308,-20.0,0.0,26,676,0.78
2309,-28.0,8.0,14,196,0.8
2310,-24.0,4.0,6,36,0.72
2311,-20.0,0.0,16,256,0.69
2312,-20.0,0.0,0,0,0.74
2313,-24.0,4.0,-6,36,0.85
2314,-20.0,0.0,-10,100,0.78
2315,-20.0,0.0,-4,16,0.67
2316,-20.0,0.0,-26,676,0.91
2317,-20.0,0.0,0,0,0.85
2318,-20.0,0.0,2,4,0.71
2319,-20.0,0.0,-10,100,0.72
2320,-20.0,0.0,-8,64,0.77
2321,-20.0,0.0,-8,64,0.86
2322,-20.0,0.0,-22,484,0.89
2323,-20.0,0.0,-18,324,0.76
2324,-20.0,0.0,-8,64,0.75
2325,-20.0,0.0,-4,16,0.78
2326,-20.0,0.0,-8,64,0.78
2327,-20.0,0.0,-2,4,0.73
2328,-20.0,0.0,10,100,0.82
2329,-24.0,4.0,10,100,0.64
2330,-20.0,0.0,0,0,0.71
2331,-20.0,0.0,-4,16,0.8
2332,-24.0,4.0,-6,36,0.79
2333,-20.0,0.0,-10,100,0.7
2334,-20.0,0.0,4,16,0.81
2335,-20.0,0.0,-6,36,0.71
2336,-24.0,4.0,16,256,0.87
2337,-20.0,0.0,10,100,0.73
2338,-32.0,12.0,2,4,0.78
2339,-24.0,4.0,0,0,0.79
2340,-20.0,0.0,10,100,0.83
2341,-20.0,0.0,8,64,0.83
2342,-20.0,0.0,0,0,0.72
2343,-24.0,4.0,22,484,0.69
2344,-20.0,0.0,18,324,0.68
2345,-20.0,0.0,8,64,0.73
2346,-28.0,8.0,-14,196,0.65
2347,-20.0,0.0,-14,196,0.82
2348,-20.0,0.0,6,36,0.72
2349,-20.0,0.0,-8,64,0.75
2350,-24.0,4.0,8,64,0.84
2351,-20.0,0.0,-6,36,0.81
2352,-20.0,0.0,0,0,0.81
2353,-20.0,0.0,-6,36,0.73
2354,-20.0,0.0,-6,36,0.72
2355,-32.0,12.0,12,144,0.73
2356,-20.0,0.0,-2,4,0.77
2357,-28.0,8.0,-6,36,0.76
2358,-28.0,8.0,2,4,0.72
2359,-24.0,4.0,-4,16,0.81
2360,-20.0,0.0,-6,36,0.75
2361,-20.0,0.0,8,64,0.73
2362,-24.0,4.0,10,100,0.83
2363,-20.0,0.0,26,676,0.78
2364,-20.0,0.0,-8,64,0.81
2365,-20.0,0.0,6,36,0.79
2366,-20.0,0.0,-4,16,0.83
2367,-24.0,4.0,-8,64,0.74
2368,-20.0,0.0,-20,400,0.84
2369,-20.0,0.0,-2,4,0.77
2370,-24.0,4.0,4,16,0.81
2371,-20.0,0.0,6,36,0.75
2372,-32.0,12.0,8,64,0.77
2373,-20.0,0.0,-6,36,0.87
2374,-20.0,0.0,2,4,0.76
2375,-20.0,0.0,-12,144,0.81
2376,-24.0,4.0,-10,100,0.77
2377,-20.0,0.0,2,4,0.76
2378,-20.0,0.0,12,144,0.79
2379,-20.0,0.0,20,400,0.68
2380,-24.0,4.0,12,144,0.82
2381,-20.0,0.0,8,64,0.76
2382,-20.0,0.0,4,16,0.76
2383,-20.0,0.0,-10,100,0.75
2384,-28.0,8.0,2,4,0.86
2385,-24.0,4.0,14,196,0.72
2386,-24.0,4.0,-4,16,0.83
2387,-20.0,0.0,-12,144,0.74
2388,-20.0,0.0,-4,16,0.72
2389,-20.0,0.0,-16,256,0.68
2390,-20.0,0.0,18,324,0.85
2391,-20.0,0.0,8,64,0.79
2392,-20.0,0.0,-20,400,0.78
2393,-24.0,4.0,-22,484,0.73
2394,-20.0,0.0,2,4,0.8
2395,-20.0,0.0,-12,144,0.77
2396,-24.0,4.0,-12,144,0.74
2397,-24.0,4.0,4,16,0.86
2398,-20.0,0.0,0,0,0.74
2399,-20.0,0.0,-10,100,0.75
2400,-20.0,0.0,-6,36,0.76
2401,-24.0,4.0,6,36,0.74
2402,-20.0,0.0,0,0,0.81
2403,-24.0,4.0,-16,256,0.82
2404,-28.0,8.0,14,196,0.75
2405,-32.0,12.0,18,324,0.74
2406,-20.0,0.0,26,676,0.88
2407,-20.0,0.0,-2,4,0.74
2408,-20.0,0.0,-6,36,0.76
2409,-24.0,4.0,-14,196,0.74
2410,-28.0,8.0,0,0,0.81
2411,-24.0,4.0,12,144,0.86
2412,-28.0,8.0,8,64,0.8
2413,-24.0,4.0,-4,16,0.84
2414,-20.0,0.0,4,16,0.74
2415,-20.0,0.0,6,36,0.73
2416,-24.0,4.0,-10,100,0.82
2417,-20.0,0.0,-18,324,0.72
2418,-20.0,0.0,-4,16,0.69
2419,-20.0,0.0,2,4,0.69
2420,-20.0,0.0,18,324,0.82
2421,-20.0,0.0,12,144,0.63
2422,-20.0,0.0,-8,64,0.72
2423,-20.0,0.0,20,400,0.8
2424,-24.0,4.0,14,196,0.81
2425,-20.0,0.0,-2,4,0.86
2426,-28.0,8.0,-14,196,0.76
2427,-32.0,12.0,-4,16,0.83
2428,-24.0,4.0,-10,100,0.83
2429,-24.0,4.0,0,0,0.83
2430,-20.0,0.0,6,36,0.73
2431,-20.0,0.0,8,64,0.77
2432,-20.0,0.0,-2,4,0.71
2433,-24.0,4.0,2,4,0.7
2434,-20.0,0.0,6,36,0.86
2435,-20.0,0.0,2,4,0.8
2436,-28.0,8.0,-6,36,0.84
2437,-20.0,0.0,8,64,0.75
2438,-20.0,0.0,10,100,0.63
2439,-20.0,0.0,0,0,0.79
2440,-20.0,0.0,-22,484,0.85
2441,-24.0,4.0,-26,676,0.74
2442,-20.0,0.0,0,0,0.67
2443,-20.0,0.0,-4,16,0.84
2444,-24.0,4.0,-2,4,0.83
2445,-20.0,0.0,-26,676,0.74
2446,-24.0,4.0,2,4,0.78
2447,-20.0,0.0,-6,36,0.78
2448,-20.0,0.0,10,100,0.86
2449,-20.0,0.0,-2,4,0.78
2450,-28.0,8.0,-12,144,0.83
2451,-20.0,0.0,-2,4,0.87
2452,-20.0,0.0,-4,16,0.63
2453,-28.0,8.0,-10,100,0.91
2454,-20.0,0.0,-16,256,0.81
2455,-20.0,0.0,-8,64,0.74
2456,-20.0,0.0,-18,324,0.69
2457,-20.0,0.0,-20,400,0.75
2458,-20.0,0.0,-12,144,0.9
2459,-20.0,0.0,4,16,0.72
2460,-28.0,8.0,0,0,0.74
2461,-24.0,4.0,-10,100,0.89
2462,-28.0,8.0,-10,100,0.8
2463,-24.0,4.0,18,324,0.82
2464,-20.0,0.0,4,16,0.79
2465,-20.0,0.0,6,36,0.73
2466,-24.0,4.0,14,196,0.78
2467,-24.0,4.0,4,16,0.73
2468,-20.0,0.0,0,0,0.78
2469,-20.0,0.0,14,196,0.73
2470,-32.0,12.0,4,16,0.87
2471,-28.0,8.0,-6,36,0.89
2472,-32.0,12.0,10,100,0.86
2473,-20.0,0.0,10,100,0.76
2474,-28.0,8.0,-6,36,0.82
2475,-20.0,0.0,16,256,0.79
2476,-28.0,8.0,0,0,0.76
2477,-24.0,4.0,24,576,0.76
2478,-24.0,4.0,6,36,0.83
2479,-20.0,0.0,-8,64,0.79
2480,-20.0,0.0,6,36,0.69
2481,-20.0,0.0,10,100,0.78
2482,-20.0,0.0,-6,36,0.82
2483,-28.0,8.0,-6,36,0.68
2484,-20.0,0.0,-2,4,0.84
2485,-20.0,0.0,4,16,0.71
2486,-20.0,0.0,14,196,0.75
2487,-20.0,0.0,12,144,0.67
2488,-20.0,0.0,-2,4,0.81
2489,-20.0,0.0,6,36,0.72
2490,-24.0,4.0,-6,36,0.82
2491,-20.0,0.0,-6,36,0.9
2492,-20.0,0.0,2,4,0.82
2493,-20.0,0.0,-6,36,0.92
2494,-20.0,0.0,-4,16,0.81
2495,-32.0,12.0,-20,400,0.76
2496,-20.0,0.0,-18,324,0.81
2497,-24.0,4.0,-2,4,0.9
2498,-20.0,0.0,-6,36,0.84
2499,-20.0,0.0,-2,4,0.84
2500,-20.0,0.0,-4,16,0.75
2501,-20.0,0.0,-2,4,0.73
2502,-20.0,0.0,-6,36,0.76
2503,-20.0,0.0,12,144,0.79
2504,-32.0,12.0,2,4,0.79
2505,-20.0,0.0,8,64,0.81
2506,-20.0,0.0,2,4,0.77
2507,-28.0,8.0,2,4,0.68
2508,-20.0,0.0,14,196,0.82
2509,-24.0,4.0,14,196,0.84
2510,-20.0,0.0,-10,100,0.78
2511,-20.0,0.0,-6,36,0.74
2512,-20.0,0.0,0,0,0.87
2513,-20.0,0.0,8,64,0.84
2514,-20.0,0.0,10,100,0.75
2515,-20.0,0.0,8,64,0.69
2516,-24.0,4.0,-12,144,0.82
2517,-20.0,0.0,-20,400,0.82
2518,-24.0,4.0,-8,64,0.76
2519,-20.0,0.0,4,16,0.78
2520,-24.0,4.0,14,196,0.79
2521,-24.0,4.0,-2,4,0.78
2522,-20.0,0.0,0,0,0.75
2523,-20.0,0.0,-10,100,0.79
2524,-24.0,4.0,-40,1600,0.81
2525,-28.0,8.0,-20,400,0.88
2526,-28.0,8.0,-10,100,0.75
2527,-32.0,12.0,-14,196,0.8
2528,-20.0,0.0,-22,484,0.78
2529,-20.0,0.0,-16,256,0.77
2530,-20.0,0.0,4,16,0.76
2531,-20.0,0.0,-2,4,0.71
2532,-24.0,4.0,-2,4,0.72
2533,-28.0,8.0,-10,100,0.82
2534,-20.0,0.0,-10,100,0.74
2535,-20.0,0.0,-2,4,0.76
2536,-20.0,0.0,6,36,0.72
2537,-24.0,4.0,26,676,0.74
2538,-24.0,4.0,16,256,0.73
2539,-20.0,0.0,14,196,0.69
2540,-20.0,0.0,0,0,0.69
2541,-20.0,0.0,-16,256,0.82
2542,-28.0,8.0,8,64,0.76
2543,-20.0,0.0,-4,16,0.76
2544,-20.0,0.0,-2,4,0.77
2545,-20.0,0.0,-22,484,0.82
2546,-20.0,0.0,-4,16,0.83
2547,-20.0,0.0,-18,324,0.81
2548,-20.0,0.0,-12,144,0.83
2549,-20.0,0.0,4,16,0.76
2550,-20.0,0.0,-6,36,0.69
2551,-24.0,4.0,-10,100,0.76
2552,-20.0,0.0,-8,64,0.77
2553,-20.0,0.0,2,4,0.81
2554,-20.0,0.0,4,16,0.77
2555,-24.0,4.0,0,0,0.9
2556,-20.0,0.0,18,324,0.83
2557,-24.0,4.0,2,4,0.84
2558,-20.0,0.0,-14,196,0.84
2559,-20.0,0.0,-16,256,0.87
2560,-20.0,0.0,-14,196,0.65
2561,-24.0,4.0,-12,144,0.79
2562,-20.0,0.0,8,64,0.74
2563,-32.0,12.0,16,256,0.76
2564,-24.0,4.0,-6,36,0.71
2565,-20.0,0.0,18,324,0.76
2566,-24.0,4.0,8,64,0.79
2567,-20.0,0.0,18,324,0.77
2568,-20.0,0.0,-8,64,0.85
2569,-20.0,0.0,0,0,0.74
2570,-24.0,4.0,20,400,0.74
2571,-20.0,0.0,2,4,0.83
2572,-28.0,8.0,-6,36,0.74
2573,-20.0,0.0,4,16,0.79
2574,-24.0,4.0,-12,144,0.7
2575,-20.0,0.0,8,64,0.82
2576,-24.0,4.0,0,0,0.86
2577,-20.0,0.0,2,4,0.89
2578,-20.0,0.0,-4,16,0.71
2579,-28.0,8.0,-6,36,0.73
2580,-28.0,8.0,-14,196,0.88
2581,-24.0,4.0,-8,64,0.77
2582,-28.0,8.0,14,196,0.89
2583,-20.0,0.0,22,484,0.74
2584,-20.0,0.0,-12,144,0.75
2585,-20.0,0.0,-14,196,0.85
2586,-20.0,0.0,-24,576,0.87
2587,-20.0,0.0,-26,676,0.75
2588,-24.0,4.0,-10,100,0.78
2589,-20.0,0.0,-4,16,0.75
2590,-20.0,0.0,-22,484,0.73
2591,-20.0,0.0,-6,36,0.8
2592,-24.0,4.0,-12,144,0.83
2593,-20.0,0.0,-14,196,0.83
2594,-20.0,0.0,0,0,0.77
2595,-20.0,0.0,12,144,0.62
2596,-20.0,0.0,6,36,0.67
2597,-20.0,0.0,-10,100,0.8
2598,-20.0,0.0,-16,256,0.75
2599,-20.0,0.0,2,4,0.73
2600,-32.0,12.0,6,36,0.7
2601,-20.0,0.0,-12,144,0.73
2602,-24.0,4.0,-22,484,0.87
2603,-28.0,8.0,-28,784,0.77
2604,-20.0,0.0,-20,400,0.78
2605,-20.0,0.0,2,4,0.81
2606,-24.0,4.0,16,256,0.71
2607,-28.0,8.0,6,36,0.75
2608,-20.0,0.0,20,400,0.65
2609,-20.0,0.0,-2,4,0.79
2610,-24.0,4.0,-6,36,0.66
2611,-20.0,0.0,-8,64,0.77
2612,-28.0,8.0,2,4,0.89
2613,-20.0,0.0,0,0,0.83
2614,-20.0,0.0,-16,256,0.78
2615,-20.0,0.0,-8,64,0.74
2616,-20.0,0.0,-6,36,0.75
2617,-20.0,0.0,4,16,0.79
2618,-20.0,0.0,6,36,0.59
2619,-24.0,4.0,8,64,0.85
2620,-20.0,0.0,16,256,0.78
2621,-20.0,0.0,34,1156,0.85
2622,-24.0,4.0,0,0,0.85
2623,-20.0,0.0,0,0,0.76
2624,-24.0,4.0,16,256,0.78
2625,-24.0,4.0,-12,144,0.76
2626,-24.0,4.0,18,324,0.75
2627,-20.0,0.0,2,4,0.86
2628,-20.0,0.0,22,484,0.78
2629,-20.0,0.0,-14,196,0.74
2630,-24.0,4.0,-8,64,0.83
2631,-20.0,0.0,-10,100,0.73
2632,-20.0,0.0,-10,100,0.78
2633,-28.0,8.0,-12,144,0.71
2634,-28.0,8.0,-14,196,0.77
2635,-24.0,4.0,-6,36,0.78
2636,-28.0,8.0,-12,144,0.83
2637,-20.0,0.0,-14,196,0.73
2638,-24.0,4.0,-6,36,0.78
2639,-24.0,4.0,-22,484,0.82
2640,-20.0,0.0,-18,324,0.7
2641,-24.0,4.0,2,4,0.74
2642,-24.0,4.0,-16,256,0.73
2643,-24.0,4.0,-12,144,0.82
2644,-20.0,0.0,-18,324,0.79
2645,-20.0,0.0,-16,256,0.81
2646,-20.0,0.0,-6,36,0.79
2647,-20.0,0.0,-12,144,0.83
2648,-20.0,0.0,-12,144,0.76
2649,-20.0,0.0,-38,1444,0.83
2650,-24.0,4.0,-20,400,0.73
2651,-28.0,8.0,-12,144,0.7
2652,-20.0,0.0,-18,324,0.79
2653,-20.0,0.0,-6,36,0.8
2654,-24.0,4.0,-10,100,0.74
2655,-24.0,4.0,0,0,0.79
2656,-20.0,0.0,-12,144,0.74
2657,-28.0,8.0,-18,324,0.77
2658,-20.0,0.0,-2,4,0.74
2659,-20.0,0.0,-6,36,0.78
2660,-20.0,0.0,-10,100,0.82
2661,-20.0,0.0,-16,256,0.79
2662,-32.0,12.0,20,400,0.76
2663,-20.0,0.0,-10,100,0.77
2664,-20.0,0.0,-8,64,0.77
2665,-20.0,0.0,-8,64,0.78
2666,-24.0,4.0,24,576,0.88
2667,-24.0,4.0,-2,4,0.83
2668,-20.0,0.0,28,784,0.77
2669,-28.0,8.0,36,1296,0.74
2670,-20.0,0.0,14,196,0.81
2671,-20.0,0.0,-8,64,0.81
2672,-20.0,0.0,-6,36,0.79
2673,-20.0,0.0,4,16,0.63
2674,-28.0,8.0,14,196,0.85
2675,-20.0,0.0,12,144,0.83
2676,-20.0,0.0,0,0,0.74
2677,-20.0,0.0,4,16,0.78
2678,-20.0,0.0,-6,36,0.83
2679,-24.0,4.0,-10,100,0.66
2680,-24.0,4.0,-8,64,0.81
2681,-20.0,0.0,-10,100,0.73
2682,-20.0,0.0,-8,64,0.77
2683,-20.0,0.0,2,4,0.81
2684,-24.0,4.0,6,36,0.72
2685,-20.0,0.0,-14,196,0.78
2686,-20.0,0.0,12,144,0.67
2687,-20.0,0.0,4,16,0.7
2688,-24.0,4.0,6,36,0.79
2689,-24.0,4.0,-10,100,0.72
2690,-20.0,0.0,-2,4,0.84
2691,-20.0,0.0,4,16,0.71
2692,-24.0,4.0,-10,100,0.79
2693,-32.0,12.0,0,0,0.67
2694,-20.0,0.0,0,0,0.74
2695,-20.0,0.0,24,576,0.76
2696,-24.0,4.0,4,16,0.78
2697,-24.0,4.0,10,100,0.79
2698,-24.0,4.0,-8,64,0.77
2699,-20.0,0.0,-4,16,0.76
2700,-20.0,0.0,-10,100,0.79
2701,-20.0,0.0,-24,576,0.81
2702,-20.0,0.0,-10,100,0.71
2703,-20.0,0.0,4,16,0.73
2704,-20.0,0.0,8,64,0.74
2705,-20.0,0.0,-4,16,0.74
2706,-20.0,0.0,-10,100,0.79
2707,-20.0,0.0,-14,196,0.66
2708,-24.0,4.0,0,0,0.85
2709,-20.0,0.0,16,256,0.8
2710,-24.0,4.0,4,16,0.72
2711,-20.0,0.0,-12,144,0.84
2712,-20.0,0.0,-10,100,0.75
2713,-20.0,0.0,16,256,0.69
2714,-32.0,12.0,8,64,0.74
2715,-20.0,0.0,6,36,0.79
2716,-28.0,8.0,22,484,0.88
2717,-32.0,12.0,8,64,0.91
2718,-20.0,0.0,4,16,0.68
2719,-20.0,0.0,-4,16,0.66
2720,-20.0,0.0,2,4,0.85
2721,-20.0,0.0,-4,16,0.89
2722,-24.0,4.0,14,196,0.81
2723,-20.0,0.0,0,0,0.81
2724,-20.0,0.0,-12,144,0.72
2725,-20.0,0.0,2,4,0.77
2726,-28.0,8.0,-18,324,0.7
2727,-24.0,4.0,-14,196,0.9
2728,-20.0,0.0,6,36,0.76
2729,-20.0,0.0,16,256,0.71
2730,-24.0,4.0,2,4,0.87
2731,-20.0,0.0,14,196,0.8
2732,-20.0,0.0,10,100,0.78
2733,-24.0,4.0,12,144,0.81
2734,-20.0,0.0,16,256,0.88
2735,-28.0,8.0,0,0,0.7
2736,-28.0,8.0,2,4,0.77
2737,-20.0,0.0,0,0,0.81
2738,-20.0,0.0,-4,16,0.74
2739,-24.0,4.0,6,36,0.79
2740,-24.0,4.0,8,64,0.79
2741,-20.0,0.0,-10,100,0.73
2742,-20.0,0.0,0,0,0.83
2743,-28.0,8.0,-6,36,0.77
2744,-20.0,0.0,2,4,0.82
2745,-20.0,0.0,-16,256,0.73
2746,-20.0,0.0,4,16,0.78
2747,-20.0,0.0,-4,16,0.68
2748,-20.0,0.0,4,16,0.8
2749,-20.0,0.0,-2,4,0.67
2750,-20.0,0.0,-2,4,0.78
2751,-20.0,0.0,-20,400,0.73
2752,-20.0,0.0,8,64,0.76
2753,-24.0,4.0,2,4,0.83
2754,-20.0,0.0,-16,256,0.65
2755,-24.0,4.0,-6,36,0.71
2756,-20.0,0.0,-20,400,0.77
2757,-28.0,8.0,-10,100,0.83
2758,-20.0,0.0,-12,144,0.77
2759,-20.0,0.0,12,144,0.78
2760,-24.0,4.0,-2,4,0.85
2761,-20.0,0.0,-10,100,0.82
2762,-24.0,4.0,18,324,0.8
2763,-28.0,8.0,16,256,0.73
2764,-20.0,0.0,8,64,0.78
2765,-24.0,4.0,18,324,0.83
2766,-28.0,8.0,0,0,0.85
2767,-20.0,0.0,-6,36,0.73
2768,-20.0,0.0,-2,4,0.76
2769,-20.0,0.0,4,16,0.73
2770,-24.0,4.0,-8,64,0.8
2771,-24.0,4.0,10,100,0.81
2772,-24.0,4.0,14,196,0.8
2773,-20.0,0.0,-4,16,0.77
2774,-20.0,0.0,2,4,0.85
2775,-20.0,0.0,8,64,0.77
2776,-20.0,0.0,-14,196,0.79
2777,-24.0,4.0,-20,400,0.77
2778,-20.0,0.0,-6,36,0.79
2779,-20.0,0.0,-28,784,0.73
2780,-20.0,0.0,-26,676,0.71
2781,-20.0,0.0,6,36,0.84
2782,-28.0,8.0,-6,36,0.76
2783,-24.0,4.0,0,0,0.85
2784,-20.0,0.0,0,0,0.82
2785,-24.0,4.0,12,144,0.76
2786,-20.0,0.0,12,144,0.76
2787,-28.0,8.0,-2,4,0.83
2788,-28.0,8.0,-4,16,0.85
2789,-20.0,0.0,2,4,0.83
2790,-20.0,0.0,6,36,0.8
2791,-28.0,8.0,12,144,0.83
2792,-24.0,4.0,-12,144,0.76
2793,-24.0,4.0,-6,36,0.83
2794,-24.0,4.0,-2,4,0.7
2795,-20.0,0.0,-10,100,0.8
2796,-24.0,4.0,6,36,0.76
2797,-20.0,0.0,-8,64,0.61
2798,-20.0,0.0,-4,16,0.74
2799,-28.0,8.0,-14,196,0.81
2800,-20.0,0.0,-12,144,0.81
2801,-24.0,4.0,-14,196,0.83
2802,-20.0,0.0,-2,4,0.82
2803,-20.0,0.0,2,4,0.76
2804,-20.0,0.0,-6,36,0.84
2805,-28.0,8.0,-18,324,0.72
2806,-20.0,0.0,-4,16,0.71
2807,-20.0,0.0,-2,4,0.81
2808,-20.0,0.0,6,36,0.74
2809,-24.0,4.0,-24,576,0.79
2810,-24.0,4.0,-28,784,0.76
2811,-20.0,0.0,-16,256,0.76
2812,-28.0,8.0,18,324,0.75
2813,-24.0,4.0,12,144,0.65
2814,-20.0,0.0,20,400,0.8
2815,-28.0,8.0,12,144,0.84
2816,-20.0,0.0,-12,144,0.78
2817,-28.0,8.0,-4,16,0.8
2818,-24.0,4.0,-2,4,0.89
2819,-20.0,0.0,10,100,0.74
2820,-20.0,0.0,2,4,0.68
2821,-24.0,4.0,-8,64,0.69
2822,-20.0,0.0,-6,36,0.85
2823,-20.0,0.0,2,4,0.84
2824,-28.0,8.0,14,196,0.8
2825,-24.0,4.0,8,64,0.75
2826,-20.0,0.0,22,484,0.79
2827,-24.0,4.0,0,0,0.83
2828,-24.0,4.0,-2,4,0.77
2829,-20.0,0.0,16,256,0.69
2830,-20.0,0.0,12,144,0.74
2831,-20.0,0.0,18,324,0.83
2832,-20.0,0.0,14,196,0.76
2833,-20.0,0.0,-18,324,0.78
2834,-20.0,0.0,-4,16,0.69
2835,-24.0,4.0,20,400,0.84
2836,-20.0,0.0,8,64,0.82
2837,-20.0,0.0,22,484,0.89
2838,-28.0,8.0,16,256,0.81
2839,-20.0,0.0,-4,16,0.76
2840,-20.0,0.0,-2,4,0.81
2841,-28.0,8.0,-14,196,0.76
2842,-24.0,4.0,12,144,0.75
2843,-24.0,4.0,6,36,0.93
2844,-20.0,0.0,4,16,0.79
2845,-20.0,0.0,10,100,0.67
2846,-20.0,0.0,22,484,0.78
2847,-20.0,0.0,16,256,0.85
2848,-20.0,0.0,10,100,0.73
2849,-24.0,4.0,14,196,0.78
2850,-24.0,4.0,14,196,0.72
2851,-20.0,0.0,32,1024,0.85
2852,-20.0,0.0,34,1156,0.73
2853,-20.0,0.0,30,900,0.84
2854,-20.0,0.0,20,400,0.87
2855,-24.0,4.0,6,36,0.65
2856,-24.0,4.0,10,100,0.78
2857,-24.0,4.0,14,196,0.92
2858,-24.0,4.0,-12,144,0.85
2859,-24.0,4.0,-28,784,0.82
2860,-20.0,0.0,-16,256,0.76
2861,-20.0,0.0,-20,400,0.82
2862,-20.0,0.0,-16,256,0.74
2863,-20.0,0.0,2,4,0.77
2864,-24.0,4.0,-6,36,0.9
2865,-28.0,8.0,2,4,0.78
2866,-20.0,0.0,-14,196,0.76
2867,-24.0,4.0,-28,784,0.81
2868,-24.0,4.0,-6,36,0.81
2869,-20.0,0.0,6,36,0.68
2870,-20.0,0.0,-2,4,0.74
2871,-20.0,0.0,12,144,0.79
2872,-24.0,4.0,12,144,0.8
2873,-20.0,0.0,-10,100,0.77
2874,-20.0,0.0,-18,324,0.7
2875,-20.0,0.0,4,16,0.79
2876,-20.0,0.0,-4,16,0.64
2877,-24.0,4.0,-2,4,0.81
2878,-24.0,4.0,-30,900,0.78
2879,-20.0,0.0,-6,36,0.82
2880,-20.0,0.0,12,144,0.77
2881,-24.0,4.0,10,100,0.83
2882,-28.0,8.0,10,100,0.82
2883,-24.0,4.0,-4,16,0.85
2884,-28.0,8.0,2,4,0.69
2885,-20.0,0.0,6,36,0.76
2886,-20.0,0.0,0,0,0.77
2887,-24.0,4.0,26,676,0.79
2888,-20.0,0.0,10,100,0.84
2889,-24.0,4.0,-8,64,0.77
2890,-20.0,0.0,2,4,0.85
2891,-24.0,4.0,14,196,0.72
2892,-20.0,0.0,14,196,0.78
2893,-24.0,4.0,38,1444,0.88
2894,-24.0,4.0,2,4,0.82
2895,-24.0,4.0,-10,100,0.72
2896,-20.0,0.0,-14,196,0.8
2897,-20.0,0.0,-16,256,0.77
2898,-24.0,4.0,-2,4,0.91
2899,-24.0,4.0,28,784,0.81
2900,-20.0,0.0,14,196,0.77
2901,-20.0,0.0,-14,196,0.86
2902,-20.0,0.0,-24,576,0.81
2903,-20.0,0.0,-14,196,0.75
2904,-20.0,0.0,16,256,0.85
2905,-20.0,0.0,-12,144,0.76
2906,-24.0,4.0,0,0,0.84
2907,-24.0,4.0,28,784,0.74
2908,-20.0,0.0,18,324,0.79
2909,-28.0,8.0,-8,64,0.83
2910,-20.0,0.0,-14,196,0.71
2911,-20.0,0.0,-8,64,0.79
2912,-24.0,4.0,-18,324,0.75
2913,-20.0,0.0,2,4,0.78
2914,-20.0,0.0,6,36,0.86
2915,-24.0,4.0,12,144,0.81
2916,-20.0,0.0,8,64,0.7
2917,-20.0,0.0,10,100,0.73
2918,-20.0,0.0,14,196,0.7
2919,-24.0,4.0,30,900,0.8
2920,-20.0,0.0,20,400,0.81
2921,-40.0,20.0,18,324,0.79
2922,-20.0,0.0,-4,16,0.81
2923,-24.0,4.0,0,0,0.76
2924,-24.0,4.0,30,900,0.77
2925,-20.0,0.0,-2,4,0.8
2926,-20.0,0.0,18,324,0.78
2927,-20.0,0.0,0,0,0.81
2928,-20.0,0.0,4,16,0.78
2929,-20.0,0.0,-4,16,0.9
2930,-20.0,0.0,18,324,0.75
2931,-20.0,0.0,-2,4,0.86
2932,-24.0,4.0,12,144,0.79
2933,-24.0,4.0,14,196,0.81
2934,-24.0,4.0,-6,36,0.78
2935,-20.0,0.0,2,4,0.84
2936,-24.0,4.0,14,196,0.74
2937,-20.0,0.0,6,36,0.68
2938,-28.0,8.0,2,4,0.86
2939,-20.0,0.0,-26,676,0.8
2940,-24.0,4.0,-22,484,0.76
2941,-24.0,4.0,8,64,0.75
2942,-20.0,0.0,2,4,0.79
2943,-20.0,0.0,0,0,0.81
2944,-24.0,4.0,6,36,0.79
2945,-28.0,8.0,8,64,0.71
2946,-20.0,0.0,-10,100,0.77
2947,-28.0,8.0,-22,484,0.78
2948,-20.0,0.0,-14,196,0.84
2949,-20.0,0.0,0,0,0.73
2950,-20.0,0.0,-6,36,0.73
2951,-24.0,4.0,-24,576,0.77
2952,-24.0,4.0,-12,144,0.86
2953,-24.0,4.0,-10,100,0.75
2954,-20.0,0.0,10,100,0.84
2955,-20.0,0.0,10,100,0.84
2956,-20.0,0.0,-8,64,0.77
2957,-20.0,0.0,-26,676,0.73
2958,-20.0,0.0,0,0,0.77
2959,-20.0,0.0,2,4,0.73
2960,-20.0,0.0,2,4,0.72
2961,-28.0,8.0,18,324,0.82
2962,-36.0,16.0,-2,4,0.78
2963,-20.0,0.0,-6,36,0.8
2964,-20.0,0.0,16,256,0.69
2965,-28.0,8.0,18,324,0.71
2966,-20.0,0.0,-12,144,0.71
2967,-20.0,0.0,12,144,0.72
2968,-20.0,0.0,2,4,0.75
2969,-20.0,0.0,-18,324,0.76
2970,-20.0,0.0,-14,196,0.76
2971,-20.0,0.0,4,16,0.71
2972,-20.0,0.0,2,4,0.75
2973,-20.0,0.0,-2,4,0.68
2974,-20.0,0.0,2,4,0.82
2975,-24.0,4.0,-4,16,0.79
2976,-24.0,4.0,-18,324,0.83
2977,-20.0,0.0,-4,16,0.79
2978,-20.0,0.0,0,0,0.68
2979,-20.0,0.0,0,0,0.94
2980,-20.0,0.0,12,144,0.76
2981,-20.0,0.0,-10,100,0.77
2982,-20.0,0.0,-14,196,0.78
2983,-20.0,0.0,4,16,0.85
2984,-28.0,8.0,-14,196,0.81
2985,-20.0,0.0,-12,144,0.73
2986,-20.0,0.0,-8,64,0.82
2987,-20.0,0.0,4,16,0.86
2988,-20.0,0.0,8,64,0.86
2989,-28.0,8.0,-6,36,0.83
2990,-28.0,8.0,0,0,0.95
2991,-20.0,0.0,0,0,0.8
2992,-20.0,0.0,-6,36,0.75
2993,-20.0,0.0,-2,4,0.66
2994,-24.0,4.0,34,1156,0.82
2995,-20.0,0.0,2,4,0.88
2996,-20.0,0.0,-10,100,0.78
2997,-20.0,0.0,-6,36,0.74
2998,-20.0,0.0,-12,144,0.79
2999,-20.0,0.0,0,0,0.64
3000,-20.0,0.0,0,0,0.8
3001,-20.0,0.0,20,400,0.74
3002,-20.0,0.0,0,0,0.76
3003,-24.0,4.0,-14,196,0.79
3004,-20.0,0.0,-22,484,0.78
3005,-24.0,4.0,-14,196,0.78
3006,-24.0,4.0,-4,16,0.89
3007,-20.0,0.0,8,64,0.82
3008,-20.0,0.0,4,16,0.68
3009,-20.0,0.0,2,4,0.73
3010,-20.0,0.0,8,64,0.75
3011,-24.0,4.0,22,484,0.79
3012,-20.0,0.0,-6,36,0.88
3013,-20.0,0.0,-10,100,0.78
3014,-20.0,0.0,-10,100,0.62
3015,-20.0,0.0,-4,16,0.77
3016,-20.0,0.0,-6,36,0.73
3017,-20.0,0.0,-26,676,0.7
3018,-24.0,4.0,-12,144,0.81
3019,-20.0,0.0,8,64,0.8
3020,-28.0,8.0,0,0,0.8
3021,-20.0,0.0,12,144,0.7
3022,-20.0,0.0,-10,100,0.73
3023,-28.0,8.0,-10,100,0.72
3024,-20.0,0.0,16,256,0.71
3025,-24.0,4.0,-14,196,0.85
3026,-20.0,0.0,-4,16,0.89
3027,-20.0,0.0,16,256,0.82
3028,-20.0,0.0,16,256,0.84
3029,-20.0,0.0,0,0,0.74
3030,-20.0,0.0,-4,16,0.8
3031,-20.0,0.0,2,4,0.79
3032,-36.0,16.0,-18,324,0.78
3033,-24.0,4.0,4,16,0.85
3034,-24.0,4.0,-2,4,0.73
3035,-28.0,8.0,2,4,0.68
3036,-24.0,4.0,8,64,0.79
3037,-24.0,4.0,-14,196,0.71
3038,-20.0,0.0,20,400,0.69
3039,-24.0,4.0,4,16,0.84
3040,-24.0,4.0,-8,64,0.82
3041,-20.0,0.0,12,144,0.82
3042,-24.0,4.0,-4,16,0.78
3043,-20.0,0.0,2,4,0.81
3044,-24.0,4.0,-12,144,0.89
3045,-20.0,0.0,-20,400,0.86
3046,-20.0,0.0,-8,64,0.84
3047,-20.0,0.0,2,4,0.69
3048,-20.0,0.0,-10,100,0.7
3049,-20.0,0.0,-12,144,0.91
3050,-20.0,0.0,8,64,0.72
3051,-20.0,0.0,-10,100,0.81
3052,-20.0,0.0,-8,64,0.75
3053,-24.0,4.0,10,100,0.81
3054,-24.0,4.0,24,576,0.85
3055,-20.0,0.0,26,676,0.79
3056,-20.0,0.0,18,324,0.76
3057,-20.0,0.0,24,576,0.77
3058,-20.0,0.0,16,256,0.7
3059,-28.0,8.0,8,64,0.78
3060,-20.0,0.0,14,196,0.69
3061,-20.0,0.0,-8,64,0.79
3062,-20.0,0.0,-8,64,0.7
3063,-24.0,4.0,-14,196,0.85
3064,-20.0,0.0,-22,484,0.84
3065,-24.0,4.0,4,16,0.81
3066,-20.0,0.0,-10,100,0.75
3067,-20.0,0.0,-6,36,0.8
3068,-24.0,4.0,-4,16,0.75
3069,-20.0,0.0,-12,144,0.78
3070,-20.0,0.0,-12,144,0.78
3071,-24.0,4.0,-26,676,0.75
3072,-20.0,0.0,-18,324,0.7
3073,-32.0,12.0,30,900,0.76
3074,-20.0,0.0,12,144,0.85
3075,-20.0,0.0,-8,64,0.84
3076,-20.0,0.0,-10,100,0.85
3077,-24.0,4.0,2,4,0.72
3078,-20.0,0.0,-18,324,0.82
3079,-20.0,0.0,0,0,0.73
3080,-20.0,0.0,-10,100,0.71
3081,-24.0,4.0,26,676,0.82
3082,-24.0,4.0,14,196,0.84
3083,-20.0,0.0,10,100,0.8
3084,-20.0,0.0,20,400,0.75
3085,-24.0,4.0,2,4,0.83
3086,-20.0,0.0,-22,484,0.84
3087,-20.0,0.0,18,324,0.94
3088,-20.0,0.0,14,196,0.72
3089,-20.0,0.0,-2,4,0.78
3090,-32.0,12.0,10,100,0.84
3091,-24.0,4.0,-4,16,0.75
3092,-24.0,4.0,6,36,0.79
3093,-24.0,4.0,-12,144,0.79
3094,-24.0,4.0,-8,64,0.8
3095,-20.0,0.0,0,0,0.68
3096,-24.0,4.0,14,196,0.85
3097,-20.0,0.0,2,4,0.8
3098,-20.0,0.0,8,64,0.87
3099,-20.0,0.0,-12,144,0.82
3100,-24.0,4.0,14,196,0.75
3101,-24.0,4.0,6,36,0.8
3102,-32.0,12.0,16,256,0.85
3103,-20.0,0.0,-14,196,0.71
3104,-24.0,4.0,2,4,0.76
3105,-20.0,0.0,20,400,0.79
3106,-24.0,4.0,18,324,0.79
3107,-20.0,0.0,4,16,0.73
3108,-28.0,8.0,-8,64,0.74
3109,-20.0,0.0,-16,256,0.78
3110,-20.0,0.0,-16,256,0.86
3111,-24.0,4.0,-6,36,0.85
3112,-20.0,0.0,6,36,0.86
3113,-20.0,0.0,-16,256,0.71
3114,-20.0,0.0,-14,196,0.79
3115,-20.0,0.0,10,100,0.82
3116,-20.0,0.0,16,256,0.75
3117,-20.0,0.0,2,4,0.97
3118,-20.0,0.0,6,36,0.8
3119,-24.0,4.0,0,0,0.83
3120,-20.0,0.0,-16,256,0.72
3121,-20.0,0.0,-8,64,0.8
3122,-20.0,0.0,2,4,0.73
3123,-20.0,0.0,10,100,0.84
3124,-20.0,0.0,4,16,0.85
3125,-20.0,0.0,-14,196,0.73
3126,-28.0,8.0,-2,4,0.8
3127,-28.0,8.0,10,100,0.66
3128,-20.0,0.0,12,144,0.85
3129,-24.0,4.0,0,0,0.82
3130,-20.0,0.0,-16,256,0.78
3131,-24.0,4.0,2,4,0.79
3132,-20.0,0.0,14,196,0.76
3133,-28.0,8.0,10,100,0.88
3134,-20.0,0.0,4,16,0.79
3135,-20.0,0.0,2,4,0.69
3136,-20.0,0.0,-8,64,0.75
3137,-24.0,4.0,2,4,0.79
3138,-28.0,8.0,-2,4,0.8
3139,-20.0,0.0,10,100,0.82
3140,-20.0,0.0,0,0,0.87
3141,-20.0,0.0,12,144,0.9
3142,-20.0,0.0,6,36,0.73
3143,-24.0,4.0,22,484,0.76
3144,-24.0,4.0,-16,256,0.75
3145,-20.0,0.0,-16,256,0.66
3146,-24.0,4.0,4,16,0.7
3147,-20.0,0.0,0,0,0.8
3148,-24.0,4.0,2,4,0.77
3149,-20.0,0.0,-4,16,0.71
3150,-20.0,0.0,-8,64,0.78
3151,-20.0,0.0,-6,36,0.87
3152,-28.0,8.0,4,16,0.71
3153,-20.0,0.0,-2,4,0.75
3154,-20.0,0.0,2,4,0.76
3155,-20.0,0.0,20,400,0.81
3156,-24.0,4.0,-2,4,0.85
3157,-20.0,0.0,-20,400,0.75
3158,-20.0,0.0,-4,16,0.78
3159,-20.0,0.0,6,36,0.81
3160,-24.0,4.0,-8,64,0.83
3161,-20.0,0.0,6,36,0.83
3162,-24.0,4.0,-22,484,0.8
3163,-20.0,0.0,-8,64,0.75
3164,-20.0,0.0,-14,196,0.89
3165,-20.0,0.0,-2,4,0.82
3166,-24.0,4.0,6,36,0.7
3167,-24.0,4.0,-16,256,0.73
3168,-20.0,0.0,-12,144,0.64
3169,-20.0,0.0,4,16,0.76
3170,-20.0,0.0,8,64,0.84
3171,-20.0,0.0,-6,36,0.77
3172,-20.0,0.0,-10,100,0.74
3173,-28.0,8.0,-10,100,0.76
3174,-28.0,8.0,12,144,0.75
3175,-28.0,8.0,8,64,0.86
3176,-20.0,0.0,-6,36,0.83
3177,-24.0,4.0,-4,16,0.75
3178,-24.0,4.0,-18,324,0.77
3179,-28.0,8.0,-8,64,0.91
3180,-20.0,0.0,-18,324,0.77
3181,-20.0,0.0,-6,36,0.8
3182,-20.0,0.0,-10,100,0.72
3183,-24.0,4.0,6,36,0.82
3184,-20.0,0.0,-12,144,0.81
3185,-20.0,0.0,-14,196,0.65
3186,-20.0,0.0,-14,196,0.84
3187,-20.0,0.0,-14,196,0.68
3188,-20.0,0.0,-20,400,0.77
3189,-20.0,0.0,-14,196,0.77
3190,-20.0,0.0,0,0,0.71
3191,-20.0,0.0,-6,36,0.83
3192,-20.0,0.0,-16,256,0.85
3193,-20.0,0.0,4,16,0.86
3194,-24.0,4.0,0,0,0.68
3195,-20.0,0.0,-16,256,0.8
3196,-20.0,0.0,-14,196,0.79
3197,-20.0,0.0,2,4,0.82
3198,-32.0,12.0,-4,16,0.83
3199,-20.0,0.0,-22,484,0.75
3200,-36.0,16.0,-18,324,0.76
3201,-20.0,0.0,-20,400,0.83
3202,-20.0,0.0,6,36,0.83
3203,-24.0,4.0,-8,64,0.73
3204,-24.0,4.0,-12,144,0.78
3205,-20.0,0.0,12,144,0.76
3206,-20.0,0.0,-6,36,0.91
3207,-20.0,0.0,-14,196,0.74
3208,-24.0,4.0,20,400,0.75
3209,-24.0,4.0,32,1024,0.78
3210,-24.0,4.0,14,196,0.73
3211,-28.0,8.0,-12,144,0.79
3212,-20.0,0.0,-6,36,0.83
3213,-20.0,0.0,-10,100,0.74
3214,-20.0,0.0,-14,196,0.76
3215,-28.0,8.0,-22,484,0.86
3216,-28.0,8.0,0,0,0.73
3217,-20.0,0.0,-18,324,0.69
3218,-32.0,12.0,-12,144,0.73
3219,-24.0,4.0,-16,256,0.76
3220,-20.0,0.0,-2,4,0.83
3221,-20.0,0.0,-4,16,0.81
3222,-20.0,0.0,-6,36,0.79
3223,-24.0,4.0,10,100,0.8
3224,-20.0,0.0,10,100,0.78
3225,-24.0,4.0,10,100,0.76
3226,-24.0,4.0,-16,256,0.79
3227,-20.0,0.0,20,400,0.82
3228,-24.0,4.0,4,16,0.76
3229,-24.0,4.0,4,16,0.9
3230,-24.0,4.0,-2,4,0.81
3231,-24.0,4.0,-8,64,0.73
3232,-24.0,4.0,-22,484,0.79
3233,-20.0,0.0,-4,16,0.77
3234,-20.0,0.0,-16,256,0.82
3235,-20.0,0.0,-14,196,0.79
3236,-20.0,0.0,0,0,0.65
3237,-20.0,0.0,-8,64,0.8
3238,-24.0,4.0,10,100,0.77
3239,-24.0,4.0,8,64,0.79
3240,-20.0,0.0,14,196,0.73
3241,-24.0,4.0,-2,4,0.78
3242,-20.0,0.0,-18,324,0.84
3243,-24.0,4.0,-10,100,0.8
3244,-20.0,0.0,2,4,0.84
3245,-20.0,0.0,4,16,0.79
3246,-20.0,0.0,4,16,0.88
3247,-28.0,8.0,22,484,0.75
3248,-24.0,4.0,-8,64,0.75
3249,-20.0,0.0,0,0,0.76
3250,-28.0,8.0,2,4,0.79
3251,-20.0,0.0,12,144,0.77
3252,-20.0,0.0,14,196,0.79
3253,-20.0,0.0,10,100,0.8
3254,-20.0,0.0,22,484,0.8
3255,-20.0,0.0,4,16,0.81
3256,-20.0,0.0,0,0,0.8
3257,-20.0,0.0,-8,64,0.74
3258,-20.0,0.0,14,196,0.73
3259,-24.0,4.0,22,484,0.74
3260,-20.0,0.0,16,256,0.71
3261,-20.0,0.0,0,0,0.88
3262,-20.0,0.0,14,196,0.71
3263,-24.0,4.0,-4,16,0.69
3264,-24.0,4.0,-10,100,0.83
3265,-20.0,0.0,-30,900,0.8
3266,-20.0,0.0,-20,400,0.83
3267,-28.0,8.0,-36,1296,0.8
3268,-24.0,4.0,-16,256,0.92
3269,-20.0,0.0,0,0,0.76
3270,-20.0,0.0,-26,676,0.73
3271,-20.0,0.0,-18,324,0.76
3272,-20.0,0.0,12,144,0.71
3273,-24.0,4.0,20,400,0.72
3274,-20.0,0.0,-10,100,0.81
3275,-24.0,4.0,6,36,0.8
3276,-24.0,4.0,0,0,0.77
3277,-24.0,4.0,8,64,0.92
3278,-24.0,4.0,18,324,0.71
3279,-20.0,0.0,-6,36,0.86
3280,-20.0,0.0,6,36,0.74
3281,-20.0,0.0,24,576,0.73
3282,-20.0,0.0,14,196,0.73
3283,-28.0,8.0,-6,36,0.86
3284,-20.0,0.0,-12,144,0.63
3285,-24.0,4.0,0,0,0.82
3286,-20.0,0.0,-6,36,0.75
3287,-28.0,8.0,16,256,0.93
3288,-20.0,0.0,2,4,0.81
3289,-24.0,4.0,24,576,0.71
3290,-20.0,0.0,6,36,0.75
3291,-20.0,0.0,2,4,0.72
3292,-20.0,0.0,4,16,0.79
3293,-20.0,0.0,8,64,0.74
3294,-20.0,0.0,34,1156,0.85
3295,-20.0,0.0,2,4,0.82
3296,-20.0,0.0,4,16,0.77
3297,-20.0,0.0,20,400,0.78
3298,-20.0,0.0,8,64,0.78
3299,-20.0,0.0,2,4,0.83
3300,-28.0,8.0,-10,100,0.9
3301,-20.0,0.0,14,196,0.72
3302,-20.0,0.0,14,196,0.76
3303,-20.0,0.0,-12,144,0.79
3304,-24.0,4.0,-2,4,0.81
3305,-24.0,4.0,-4,16,0.85
3306,-20.0,0.0,0,0,0.74
3307,-20.0,0.0,-4,16,0.72
3308,-36.0,16.0,-16,256,0.84
3309,-24.0,4.0,-16,256,0.86
3310,-20.0,0.0,-10,100,0.75
3311,-20.0,0.0,-2,4,0.84
3312,-20.0,0.0,16,256,0.83
3313,-24.0,4.0,-4,16,0.84
3314,-20.0,0.0,12,144,0.82
3315,-28.0,8.0,-8,64,0.84
3316,-20.0,0.0,0,0,0.84
3317,-24.0,4.0,12,144,0.82
3318,-20.0,0.0,-6,36,0.81
3319,-20.0,0.0,-6,36,0.78
3320,-32.0,12.0,-8,64,0.71
3321,-20.0,0.0,8,64,0.86
3322,-20.0,0.0,2,4,0.81
3323,-20.0,0.0,10,100,0.72
3324,-24.0,4.0,24,576,0.81
3325,-20.0,0.0,16,256,0.88
3326,-20.0,0.0,-2,4,0.83
3327,-36.0,16.0,22,484,0.8
3328,-20.0,0.0,22,484,0.74
3329,-32.0,12.0,14,196,0.82
3330,-20.0,0.0,6,36,0.78
3331,-20.0,0.0,-12,144,0.83
3332,-20.0,0.0,-8,64,0.76
3333,-20.0,0.0,16,256,0.78
3334,-24.0,4.0,16,256,0.78
3335,-24.0,4.0,6,36,0.79
3336,-20.0,0.0,2,4,0.82
3337,-24.0,4.0,6,36,0.88
3338,-20.0,0.0,-6,36,0.74
3339,-20.0,0.0,10,100,0.78
3340,-20.0,0.0,14,196,0.84
3341,-24.0,4.0,-6,36,0.74
3342,-24.0,4.0,14,196,0.8
3343,-20.0,0.0,12,144,0.77
3344,-20.0,0.0,18,324,0.73
3345,-20.0,0.0,18,324,0.76
3346,-20.0,0.0,-2,4,0.74
3347,-20.0,0.0,-2,4,0.74
3348,-20.0,0.0,8,64,0.79
3349,-20.0,0.0,2,4,0.81
3350,-20.0,0.0,-8,64,0.81
3351,-24.0,4.0,-2,4,0.71
3352,-20.0,0.0,6,36,0.7
3353,-24.0,4.0,-4,16,0.87
3354,-24.0,4.0,-4,16,0.84
3355,-24.0,4.0,-12,144,0.74
3356,-20.0,0.0,-16,256,0.8
3357,-24.0,4.0,26,676,0.81
3358,-28.0,8.0,30,900,0.94
3359,-20.0,0.0,26,676,0.74
3360,-24.0,4.0,6,36,0.8
3361,-24.0,4.0,-20,400,0.75
3362,-20.0,0.0,8,64,0.82
3363,-20.0,0.0,-4,16,0.78
3364,-24.0,4.0,6,36,0.75
3365,-24.0,4.0,6,36,0.68
3366,-24.0,4.0,-4,16,0.81
3367,-20.0,0.0,-4,16,0.62
3368,-20.0,0.0,2,4,0.69
3369,-20.0,0.0,14,196,0.82
3370,-20.0,0.0,2,4,0.7
3371,-20.0,0.0,2,4,0.72
3372,-20.0,0.0,-4,16,0.89
3373,-28.0,8.0,-12,144,0.8
3374,-20.0,0.0,22,484,0.77
3375,-20.0,0.0,-12,144,0.81
3376,-20.0,0.0,-10,100,0.71
3377,-24.0,4.0,2,4,0.62
3378,-20.0,0.0,-2,4,0.78
3379,-24.0,4.0,-2,4,0.92
3380,-24.0,4.0,0,0,0.81
3381,-20.0,0.0,16,256,0.72
3382,-24.0,4.0,-4,16,0.76
3383,-20.0,0.0,-10,100,0.75
3384,-28.0,8.0,-12,144,0.73
3385,-24.0,4.0,2,4,0.85
3386,-24.0,4.0,4,16,0.79
3387,-24.0,4.0,16,256,0.82
3388,-24.0,4.0,-2,4,0.81
3389,-20.0,0.0,-12,144,0.69
3390,-24.0,4.0,0,0,0.68
3391,-24.0,4.0,-6,36,0.65
3392,-20.0,0.0,2,4,0.8
3393,-36.0,16.0,16,256,0.71
3394,-20.0,0.0,0,0,0.8
3395,-28.0,8.0,20,400,0.7
3396,-28.0,8.0,6,36,0.77
3397,-20.0,0.0,14,196,0.88
3398,-20.0,0.0,0,0,0.75
3399,-24.0,4.0,4,16,0.88
3400,-20.0,0.0,-12,144,0.74
3401,-20.0,0.0,2,4,0.79
3402,-20.0,0.0,-8,64,0.69
3403,-20.0,0.0,-2,4,0.79
3404,-20.0,0.0,6,36,0.82
3405,-24.0,4.0,-24,576,0.83
3406,-24.0,4.0,-8,64,0.78
3407,-20.0,0.0,0,0,0.7
3408,-20.0,0.0,12,144,0.7
3409,-24.0,4.0,0,0,0.88
3410,-20.0,0.0,4,16,0.78
3411,-28.0,8.0,-22,484,0.75
3412,-20.0,0.0,2,4,0.86
3413,-24.0,4.0,6,36,0.78
3414,-24.0,4.0,2,4,0.74
3415,-24.0,4.0,-20,400,0.77
3416,-20.0,0.0,-14,196,0.87
3417,-20.0,0.0,-32,1024,0.79
3418,-20.0,0.0,-36,1296,0.78
3419,-20.0,0.0,-24,576,0.66
3420,-20.0,0.0,6,36,0.81
3421,-20.0,0.0,-18,324,0.74
3422,-24.0,4.0,22,484,0.84
3423,-32.0,12.0,18,324,0.82
3424,-24.0,4.0,8,64,0.73
3425,-32.0,12.0,-6,36,0.79
3426,-20.0,0.0,8,64,0.87
3427,-28.0,8.0,0,0,0.8
3428,-32.0,12.0,-2,4,0.89
3429,-24.0,4.0,4,16,0.75
3430,-24.0,4.0,-10,100,0.83
3431,-20.0,0.0,10,100,0.68
3432,-32.0,12.0,-6,36,0.8
3433,-24.0,4.0,2,4,0.78
3434,-20.0,0.0,0,0,0.71
3435,-20.0,0.0,4,16,0.76
3436,-24.0,4.0,-2,4,0.83
3437,-20.0,0.0,-20,400,0.79
3438,-20.0,0.0,-16,256,0.7
3439,-28.0,8.0,0,0,0.76
3440,-20.0,0.0,10,100,0.77
3441,-20.0,0.0,4,16,0.79
3442,-24.0,4.0,10,100,0.81
3443,-20.0,0.0,10,100,0.82
3444,-20.0,0.0,14,196,0.76
3445,-20.0,0.0,10,100,0.7
3446,-20.0,0.0,-2,4,0.74
3447,-20.0,0.0,-14,196,0.78
3448,-20.0,0.0,-6,36,0.78
3449,-24.0,4.0,8,64,0.69
3450,-24.0,4.0,14,196,0.81
3451,-20.0,0.0,-12,144,0.73
3452,-20.0,0.0,-6,36,0.81
3453,-20.0,0.0,-18,324,0.74
3454,-24.0,4.0,12,144,0.85
3455,-20.0,0.0,10,100,0.73
3456,-20.0,0.0,-8,64,0.77
3457,-20.0,0.0,-6,36,0.75
3458,-24.0,4.0,-2,4,0.76
3459,-24.0,4.0,6,36,0.82
3460,-20.0,0.0,-8,64,0.83
3461,-28.0,8.0,-6,36,0.81
3462,-20.0,0.0,-20,400,0.81
3463,-20.0,0.0,-18,324,0.77
3464,-20.0,0.0,10,100,0.78
3465,-20.0,0.0,6,36,0.78
3466,-24.0,4.0,0,0,0.79
3467,-24.0,4.0,-2,4,0.71
3468,-20.0,0.0,8,64,0.69
3469,-20.0,0.0,-6,36,0.65
3470,-24.0,4.0,16,256,0.79
3471,-20.0,0.0,2,4,0.79
3472,-32.0,12.0,-6,36,0.88
3473,-24.0,4.0,10,100,0.7
3474,-20.0,0.0,-20,400,0.75
3475,-20.0,0.0,-2,4,0.67
3476,-20.0,0.0,-4,16,0.79
3477,-24.0,4.0,10,100,0.85
3478,-28.0,8.0,-14,196,0.88
3479,-24.0,4.0,26,676,0.86
3480,-28.0,8.0,16,256,0.73
3481,-20.0,0.0,-10,100,0.75
3482,-20.0,0.0,-14,196,0.7
3483,-20.0,0.0,-8,64,0.67
3484,-20.0,0.0,12,144,0.8
3485,-24.0,4.0,-4,16,0.7
3486,-28.0,8.0,14,196,0.81
3487,-20.0,0.0,12,144,0.81
3488,-20.0,0.0,-8,64,0.78
3489,-20.0,0.0,-4,16,0.92
3490,-20.0,0.0,6,36,0.85
3491,-20.0,0.0,10,100,0.88
3492,-28.0,8.0,8,64,0.75
3493,-20.0,0.0,30,900,0.77
3494,-24.0,4.0,-2,4,0.82
3495,-28.0,8.0,10,100,0.8
3496,-24.0,4.0,12,144,0.81
3497,-28.0,8.0,-6,36,0.83
3498,-20.0,0.0,0,0,0.79
3499,-24.0,4.0,6,36,0.73
3500,-20.0,0.0,-20,400,0.73
